interval_start_local,interval_start_utc,interval_end_local,interval_end_utc,wind_curtailment_mwh,wind_curtailment_mw,solar_curtailment_mwh,solar_curtailment_mw,total_curtailment_mwh,total_curtailment_mw
2025-01-01T00:00:00-08:00,2025-01-01 08:00:00+00:00,2025-01-01T01:00:00-08:00,2025-01-01 09:00:00+00:00,0,0,0,0,0,0
2025-01-01T01:00:00-08:00,2025-01-01 09:00:00+00:00,2025-01-01T02:00:00-08:00,2025-01-01 10:00:00+00:00,0,0,0,0,0,0
2025-01-01T02:00:00-08:00,2025-01-01 10:00:00+00:00,2025-01-01T03:00:00-08:00,2025-01-01 11:00:00+00:00,0,0,0,0,0,0
2025-01-01T03:00:00-08:00,2025-01-01 11:00:00+00:00,2025-01-01T04:00:00-08:00,2025-01-01 12:00:00+00:00,0,0,0,0,0,0
2025-01-01T04:00:00-08:00,2025-01-01 12:00:00+00:00,2025-01-01T05:00:00-08:00,2025-01-01 13:00:00+00:00,0,0,0,0,0,0
2025-01-01T05:00:00-08:00,2025-01-01 13:00:00+00:00,2025-01-01T06:00:00-08:00,2025-01-01 14:00:00+00:00,0,0,0,0,0,0
2025-01-01T06:00:00-08:00,2025-01-01 14:00:00+00:00,2025-01-01T07:00:00-08:00,2025-01-01 15:00:00+00:00,0,0,0,0,0,0
2025-01-01T07:00:00-08:00,2025-01-01 15:00:00+00:00,2025-01-01T08:00:00-08:00,2025-01-01 16:00:00+00:00,0,0,0,0,0,0
2025-01-01T08:00:00-08:00,2025-01-01 16:00:00+00:00,2025-01-01T09:00:00-08:00,2025-01-01 17:00:00+00:00,0,0,0,0,0,0
2025-01-01T09:00:00-08:00,2025-01-01 17:00:00+00:00,2025-01-01T10:00:00-08:00,2025-01-01 18:00:00+00:00,0,0,0,0,0,0
2025-01-01T10:00:00-08:00,2025-01-01 18:00:00+00:00,2025-01-01T11:00:00-08:00,2025-01-01 19:00:00+00:00,0,0,2,5,2,5
2025-01-01T11:00:00-08:00,2025-01-01 19:00:00+00:00,2025-01-01T12:00:00-08:00,2025-01-01 20:00:00+00:00,0,0,0,0,0,0
2025-01-01T12:00:00-08:00,2025-01-01 20:00:00+00:00,2025-01-01T13:00:00-08:00,2025-01-01 21:00:00+00:00,0,0,6,27,6,27
2025-01-01T13:00:00-08:00,2025-01-01 21:00:00+00:00,2025-01-01T14:00:00-08:00,2025-01-01 22:00:00+00:00,0,0,331,1381,331,1381
2025-01-01T14:00:00-08:00,2025-01-01 22:00:00+00:00,2025-01-01T15:00:00-08:00,2025-01-01 23:00:00+00:00,0,0,1386,1878,1386,1878
2025-01-01T15:00:00-08:00,2025-01-01 23:00:00+00:00,2025-01-01T16:00:00-08:00,2025-01-02 00:00:00+00:00,0,0,551,1995,551,1995
2025-01-01T16:00:00-08:00,2025-01-02 00:00:00+00:00,2025-01-01T17:00:00-08:00,2025-01-02 01:00:00+00:00,0,0,0,0,0,0
2025-01-01T17:00:00-08:00,2025-01-02 01:00:00+00:00,2025-01-01T18:00:00-08:00,2025-01-02 02:00:00+00:00,0,0,0,0,0,0
2025-01-01T18:00:00-08:00,2025-01-02 02:00:00+00:00,2025-01-01T19:00:00-08:00,2025-01-02 03:00:00+00:00,0,0,0,0,0,0
2025-01-01T19:00:00-08:00,2025-01-02 03:00:00+00:00,2025-01-01T20:00:00-08:00,2025-01-02 04:00:00+00:00,0,0,0,0,0,0
2025-01-01T20:00:00-08:00,2025-01-02 04:00:00+00:00,2025-01-01T21:00:00-08:00,2025-01-02 05:00:00+00:00,0,0,0,0,0,0
2025-01-01T21:00:00-08:00,2025-01-02 05:00:00+00:00,2025-01-01T22:00:00-08:00,2025-01-02 06:00:00+00:00,0,0,0,0,0,0
2025-01-01T22:00:00-08:00,2025-01-02 06:00:00+00:00,2025-01-01T23:00:00-08:00,2025-01-02 07:00:00+00:00,0,0,0,0,0,0
2025-01-01T23:00:00-08:00,2025-01-02 07:00:00+00:00,2025-01-02T00:00:00-08:00,2025-01-02 08:00:00+00:00,0,0,0,0,0,0
2025-01-02T00:00:00-08:00,2025-01-02 08:00:00+00:00,2025-01-02T01:00:00-08:00,2025-01-02 09:00:00+00:00,0,0,0,0,0,0
2025-01-02T01:00:00-08:00,2025-01-02 09:00:00+00:00,2025-01-02T02:00:00-08:00,2025-01-02 10:00:00+00:00,0,0,0,0,0,0
2025-01-02T02:00:00-08:00,2025-01-02 10:00:00+00:00,2025-01-02T03:00:00-08:00,2025-01-02 11:00:00+00:00,0,0,0,0,0,0
2025-01-02T03:00:00-08:00,2025-01-02 11:00:00+00:00,2025-01-02T04:00:00-08:00,2025-01-02 12:00:00+00:00,0,0,0,0,0,0
2025-01-02T04:00:00-08:00,2025-01-02 12:00:00+00:00,2025-01-02T05:00:00-08:00,2025-01-02 13:00:00+00:00,0,0,0,0,0,0
2025-01-02T05:00:00-08:00,2025-01-02 13:00:00+00:00,2025-01-02T06:00:00-08:00,2025-01-02 14:00:00+00:00,0,0,0,0,0,0
2025-01-02T06:00:00-08:00,2025-01-02 14:00:00+00:00,2025-01-02T07:00:00-08:00,2025-01-02 15:00:00+00:00,0,0,0,0,0,0
2025-01-02T07:00:00-08:00,2025-01-02 15:00:00+00:00,2025-01-02T08:00:00-08:00,2025-01-02 16:00:00+00:00,0,0,0,0,0,0
2025-01-02T08:00:00-08:00,2025-01-02 16:00:00+00:00,2025-01-02T09:00:00-08:00,2025-01-02 17:00:00+00:00,0,0,15,90,15,90
2025-01-02T09:00:00-08:00,2025-01-02 17:00:00+00:00,2025-01-02T10:00:00-08:00,2025-01-02 18:00:00+00:00,0,0,121,242,121,242
2025-01-02T10:00:00-08:00,2025-01-02 18:00:00+00:00,2025-01-02T11:00:00-08:00,2025-01-02 19:00:00+00:00,0,0,249,312,249,312
2025-01-02T11:00:00-08:00,2025-01-02 19:00:00+00:00,2025-01-02T12:00:00-08:00,2025-01-02 20:00:00+00:00,0,0,244,326,244,326
2025-01-02T12:00:00-08:00,2025-01-02 20:00:00+00:00,2025-01-02T13:00:00-08:00,2025-01-02 21:00:00+00:00,0,0,239,319,239,319
2025-01-02T13:00:00-08:00,2025-01-02 21:00:00+00:00,2025-01-02T14:00:00-08:00,2025-01-02 22:00:00+00:00,0,0,174,272,174,272
2025-01-02T14:00:00-08:00,2025-01-02 22:00:00+00:00,2025-01-02T15:00:00-08:00,2025-01-02 23:00:00+00:00,0,0,379,496,379,496
2025-01-02T15:00:00-08:00,2025-01-02 23:00:00+00:00,2025-01-02T16:00:00-08:00,2025-01-03 00:00:00+00:00,0,0,242,1171,242,1171
2025-01-02T16:00:00-08:00,2025-01-03 00:00:00+00:00,2025-01-02T17:00:00-08:00,2025-01-03 01:00:00+00:00,0,0,0,6,0,6
2025-01-02T17:00:00-08:00,2025-01-03 01:00:00+00:00,2025-01-02T18:00:00-08:00,2025-01-03 02:00:00+00:00,0,0,0,0,0,0
2025-01-02T18:00:00-08:00,2025-01-03 02:00:00+00:00,2025-01-02T19:00:00-08:00,2025-01-03 03:00:00+00:00,0,0,0,0,0,0
2025-01-02T19:00:00-08:00,2025-01-03 03:00:00+00:00,2025-01-02T20:00:00-08:00,2025-01-03 04:00:00+00:00,0,0,0,0,0,0
2025-01-02T20:00:00-08:00,2025-01-03 04:00:00+00:00,2025-01-02T21:00:00-08:00,2025-01-03 05:00:00+00:00,0,0,0,0,0,0
2025-01-02T21:00:00-08:00,2025-01-03 05:00:00+00:00,2025-01-02T22:00:00-08:00,2025-01-03 06:00:00+00:00,0,0,0,0,0,0
2025-01-02T22:00:00-08:00,2025-01-03 06:00:00+00:00,2025-01-02T23:00:00-08:00,2025-01-03 07:00:00+00:00,0,0,0,0,0,0
2025-01-02T23:00:00-08:00,2025-01-03 07:00:00+00:00,2025-01-03T00:00:00-08:00,2025-01-03 08:00:00+00:00,0,0,0,0,0,0
2025-01-03T00:00:00-08:00,2025-01-03 08:00:00+00:00,2025-01-03T01:00:00-08:00,2025-01-03 09:00:00+00:00,0,0,0,0,0,0
2025-01-03T01:00:00-08:00,2025-01-03 09:00:00+00:00,2025-01-03T02:00:00-08:00,2025-01-03 10:00:00+00:00,0,0,0,0,0,0
2025-01-03T02:00:00-08:00,2025-01-03 10:00:00+00:00,2025-01-03T03:00:00-08:00,2025-01-03 11:00:00+00:00,0,0,0,0,0,0
2025-01-03T03:00:00-08:00,2025-01-03 11:00:00+00:00,2025-01-03T04:00:00-08:00,2025-01-03 12:00:00+00:00,0,0,0,0,0,0
2025-01-03T04:00:00-08:00,2025-01-03 12:00:00+00:00,2025-01-03T05:00:00-08:00,2025-01-03 13:00:00+00:00,0,0,0,0,0,0
2025-01-03T05:00:00-08:00,2025-01-03 13:00:00+00:00,2025-01-03T06:00:00-08:00,2025-01-03 14:00:00+00:00,0,0,0,0,0,0
2025-01-03T06:00:00-08:00,2025-01-03 14:00:00+00:00,2025-01-03T07:00:00-08:00,2025-01-03 15:00:00+00:00,0,0,0,0,0,0
2025-01-03T07:00:00-08:00,2025-01-03 15:00:00+00:00,2025-01-03T08:00:00-08:00,2025-01-03 16:00:00+00:00,0,0,0,0,0,0
2025-01-03T08:00:00-08:00,2025-01-03 16:00:00+00:00,2025-01-03T09:00:00-08:00,2025-01-03 17:00:00+00:00,0,0,0,0,0,0
2025-01-03T09:00:00-08:00,2025-01-03 17:00:00+00:00,2025-01-03T10:00:00-08:00,2025-01-03 18:00:00+00:00,0,0,0,0,0,0
2025-01-03T10:00:00-08:00,2025-01-03 18:00:00+00:00,2025-01-03T11:00:00-08:00,2025-01-03 19:00:00+00:00,0,0,0,0,0,0
2025-01-03T11:00:00-08:00,2025-01-03 19:00:00+00:00,2025-01-03T12:00:00-08:00,2025-01-03 20:00:00+00:00,0,0,4,39,4,39
2025-01-03T12:00:00-08:00,2025-01-03 20:00:00+00:00,2025-01-03T13:00:00-08:00,2025-01-03 21:00:00+00:00,0,0,18,41,18,41
2025-01-03T13:00:00-08:00,2025-01-03 21:00:00+00:00,2025-01-03T14:00:00-08:00,2025-01-03 22:00:00+00:00,0,0,10,15,10,15
2025-01-03T14:00:00-08:00,2025-01-03 22:00:00+00:00,2025-01-03T15:00:00-08:00,2025-01-03 23:00:00+00:00,0,0,1,6,1,6
2025-01-03T15:00:00-08:00,2025-01-03 23:00:00+00:00,2025-01-03T16:00:00-08:00,2025-01-04 00:00:00+00:00,0,0,0,0,0,0
2025-01-03T16:00:00-08:00,2025-01-04 00:00:00+00:00,2025-01-03T17:00:00-08:00,2025-01-04 01:00:00+00:00,0,0,0,0,0,0
2025-01-03T17:00:00-08:00,2025-01-04 01:00:00+00:00,2025-01-03T18:00:00-08:00,2025-01-04 02:00:00+00:00,0,0,0,0,0,0
2025-01-03T18:00:00-08:00,2025-01-04 02:00:00+00:00,2025-01-03T19:00:00-08:00,2025-01-04 03:00:00+00:00,0,0,0,0,0,0
2025-01-03T19:00:00-08:00,2025-01-04 03:00:00+00:00,2025-01-03T20:00:00-08:00,2025-01-04 04:00:00+00:00,0,0,0,0,0,0
2025-01-03T20:00:00-08:00,2025-01-04 04:00:00+00:00,2025-01-03T21:00:00-08:00,2025-01-04 05:00:00+00:00,0,0,0,0,0,0
2025-01-03T21:00:00-08:00,2025-01-04 05:00:00+00:00,2025-01-03T22:00:00-08:00,2025-01-04 06:00:00+00:00,0,0,0,0,0,0
2025-01-03T22:00:00-08:00,2025-01-04 06:00:00+00:00,2025-01-03T23:00:00-08:00,2025-01-04 07:00:00+00:00,0,0,0,0,0,0
2025-01-03T23:00:00-08:00,2025-01-04 07:00:00+00:00,2025-01-04T00:00:00-08:00,2025-01-04 08:00:00+00:00,0,0,0,0,0,0
2025-01-04T00:00:00-08:00,2025-01-04 08:00:00+00:00,2025-01-04T01:00:00-08:00,2025-01-04 09:00:00+00:00,0,0,0,0,0,0
2025-01-04T01:00:00-08:00,2025-01-04 09:00:00+00:00,2025-01-04T02:00:00-08:00,2025-01-04 10:00:00+00:00,0,0,0,0,0,0
2025-01-04T02:00:00-08:00,2025-01-04 10:00:00+00:00,2025-01-04T03:00:00-08:00,2025-01-04 11:00:00+00:00,0,0,0,0,0,0
2025-01-04T03:00:00-08:00,2025-01-04 11:00:00+00:00,2025-01-04T04:00:00-08:00,2025-01-04 12:00:00+00:00,0,0,0,0,0,0
2025-01-04T04:00:00-08:00,2025-01-04 12:00:00+00:00,2025-01-04T05:00:00-08:00,2025-01-04 13:00:00+00:00,0,0,0,0,0,0
2025-01-04T05:00:00-08:00,2025-01-04 13:00:00+00:00,2025-01-04T06:00:00-08:00,2025-01-04 14:00:00+00:00,0,0,0,0,0,0
2025-01-04T06:00:00-08:00,2025-01-04 14:00:00+00:00,2025-01-04T07:00:00-08:00,2025-01-04 15:00:00+00:00,0,0,0,0,0,0
2025-01-04T07:00:00-08:00,2025-01-04 15:00:00+00:00,2025-01-04T08:00:00-08:00,2025-01-04 16:00:00+00:00,0,0,0,0,0,0
2025-01-04T08:00:00-08:00,2025-01-04 16:00:00+00:00,2025-01-04T09:00:00-08:00,2025-01-04 17:00:00+00:00,0,0,50,306,50,306
2025-01-04T09:00:00-08:00,2025-01-04 17:00:00+00:00,2025-01-04T10:00:00-08:00,2025-01-04 18:00:00+00:00,0,0,141,298,141,298
2025-01-04T10:00:00-08:00,2025-01-04 18:00:00+00:00,2025-01-04T11:00:00-08:00,2025-01-04 19:00:00+00:00,0,0,36,106,36,106
2025-01-04T11:00:00-08:00,2025-01-04 19:00:00+00:00,2025-01-04T12:00:00-08:00,2025-01-04 20:00:00+00:00,0,0,57,108,57,108
2025-01-04T12:00:00-08:00,2025-01-04 20:00:00+00:00,2025-01-04T13:00:00-08:00,2025-01-04 21:00:00+00:00,6,23,440,1468,446,1491
2025-01-04T13:00:00-08:00,2025-01-04 21:00:00+00:00,2025-01-04T14:00:00-08:00,2025-01-04 22:00:00+00:00,60,77,1205,1548,1265,1625
2025-01-04T14:00:00-08:00,2025-01-04 22:00:00+00:00,2025-01-04T15:00:00-08:00,2025-01-04 23:00:00+00:00,16,63,279,846,295,909
2025-01-04T15:00:00-08:00,2025-01-04 23:00:00+00:00,2025-01-04T16:00:00-08:00,2025-01-05 00:00:00+00:00,0,0,29,318,29,318
2025-01-04T16:00:00-08:00,2025-01-05 00:00:00+00:00,2025-01-04T17:00:00-08:00,2025-01-05 01:00:00+00:00,0,0,0,0,0,0
2025-01-04T17:00:00-08:00,2025-01-05 01:00:00+00:00,2025-01-04T18:00:00-08:00,2025-01-05 02:00:00+00:00,0,0,0,0,0,0
2025-01-04T18:00:00-08:00,2025-01-05 02:00:00+00:00,2025-01-04T19:00:00-08:00,2025-01-05 03:00:00+00:00,0,0,0,0,0,0
2025-01-04T19:00:00-08:00,2025-01-05 03:00:00+00:00,2025-01-04T20:00:00-08:00,2025-01-05 04:00:00+00:00,0,0,0,0,0,0
2025-01-04T20:00:00-08:00,2025-01-05 04:00:00+00:00,2025-01-04T21:00:00-08:00,2025-01-05 05:00:00+00:00,0,0,0,0,0,0
2025-01-04T21:00:00-08:00,2025-01-05 05:00:00+00:00,2025-01-04T22:00:00-08:00,2025-01-05 06:00:00+00:00,0,0,0,0,0,0
2025-01-04T22:00:00-08:00,2025-01-05 06:00:00+00:00,2025-01-04T23:00:00-08:00,2025-01-05 07:00:00+00:00,0,0,0,0,0,0
2025-01-04T23:00:00-08:00,2025-01-05 07:00:00+00:00,2025-01-05T00:00:00-08:00,2025-01-05 08:00:00+00:00,0,0,0,0,0,0
2025-01-05T00:00:00-08:00,2025-01-05 08:00:00+00:00,2025-01-05T01:00:00-08:00,2025-01-05 09:00:00+00:00,0,0,0,0,0,0
2025-01-05T01:00:00-08:00,2025-01-05 09:00:00+00:00,2025-01-05T02:00:00-08:00,2025-01-05 10:00:00+00:00,0,0,0,0,0,0
2025-01-05T02:00:00-08:00,2025-01-05 10:00:00+00:00,2025-01-05T03:00:00-08:00,2025-01-05 11:00:00+00:00,0,0,0,0,0,0
2025-01-05T03:00:00-08:00,2025-01-05 11:00:00+00:00,2025-01-05T04:00:00-08:00,2025-01-05 12:00:00+00:00,0,0,0,0,0,0
2025-01-05T04:00:00-08:00,2025-01-05 12:00:00+00:00,2025-01-05T05:00:00-08:00,2025-01-05 13:00:00+00:00,0,0,0,0,0,0
2025-01-05T05:00:00-08:00,2025-01-05 13:00:00+00:00,2025-01-05T06:00:00-08:00,2025-01-05 14:00:00+00:00,0,0,0,0,0,0
2025-01-05T06:00:00-08:00,2025-01-05 14:00:00+00:00,2025-01-05T07:00:00-08:00,2025-01-05 15:00:00+00:00,0,0,0,0,0,0
2025-01-05T07:00:00-08:00,2025-01-05 15:00:00+00:00,2025-01-05T08:00:00-08:00,2025-01-05 16:00:00+00:00,0,0,0,0,0,0
2025-01-05T08:00:00-08:00,2025-01-05 16:00:00+00:00,2025-01-05T09:00:00-08:00,2025-01-05 17:00:00+00:00,0,0,7,39,7,39
2025-01-05T09:00:00-08:00,2025-01-05 17:00:00+00:00,2025-01-05T10:00:00-08:00,2025-01-05 18:00:00+00:00,0,0,3,29,3,29
2025-01-05T10:00:00-08:00,2025-01-05 18:00:00+00:00,2025-01-05T11:00:00-08:00,2025-01-05 19:00:00+00:00,0,0,21,69,21,69
2025-01-05T11:00:00-08:00,2025-01-05 19:00:00+00:00,2025-01-05T12:00:00-08:00,2025-01-05 20:00:00+00:00,0,0,1,16,1,16
2025-01-05T12:00:00-08:00,2025-01-05 20:00:00+00:00,2025-01-05T13:00:00-08:00,2025-01-05 21:00:00+00:00,0,0,13,18,13,18
2025-01-05T13:00:00-08:00,2025-01-05 21:00:00+00:00,2025-01-05T14:00:00-08:00,2025-01-05 22:00:00+00:00,0,0,18,22,18,22
2025-01-05T14:00:00-08:00,2025-01-05 22:00:00+00:00,2025-01-05T15:00:00-08:00,2025-01-05 23:00:00+00:00,0,0,72,108,72,108
2025-01-05T15:00:00-08:00,2025-01-05 23:00:00+00:00,2025-01-05T16:00:00-08:00,2025-01-06 00:00:00+00:00,0,0,147,515,147,515
2025-01-05T16:00:00-08:00,2025-01-06 00:00:00+00:00,2025-01-05T17:00:00-08:00,2025-01-06 01:00:00+00:00,0,0,0,2,0,2
2025-01-05T17:00:00-08:00,2025-01-06 01:00:00+00:00,2025-01-05T18:00:00-08:00,2025-01-06 02:00:00+00:00,0,0,0,0,0,0
2025-01-05T18:00:00-08:00,2025-01-06 02:00:00+00:00,2025-01-05T19:00:00-08:00,2025-01-06 03:00:00+00:00,0,0,0,0,0,0
2025-01-05T19:00:00-08:00,2025-01-06 03:00:00+00:00,2025-01-05T20:00:00-08:00,2025-01-06 04:00:00+00:00,0,0,0,0,0,0
2025-01-05T20:00:00-08:00,2025-01-06 04:00:00+00:00,2025-01-05T21:00:00-08:00,2025-01-06 05:00:00+00:00,0,0,0,0,0,0
2025-01-05T21:00:00-08:00,2025-01-06 05:00:00+00:00,2025-01-05T22:00:00-08:00,2025-01-06 06:00:00+00:00,0,0,0,0,0,0
2025-01-05T22:00:00-08:00,2025-01-06 06:00:00+00:00,2025-01-05T23:00:00-08:00,2025-01-06 07:00:00+00:00,0,0,0,0,0,0
2025-01-05T23:00:00-08:00,2025-01-06 07:00:00+00:00,2025-01-06T00:00:00-08:00,2025-01-06 08:00:00+00:00,0,0,0,0,0,0
2025-01-06T00:00:00-08:00,2025-01-06 08:00:00+00:00,2025-01-06T01:00:00-08:00,2025-01-06 09:00:00+00:00,0,0,0,0,0,0
2025-01-06T01:00:00-08:00,2025-01-06 09:00:00+00:00,2025-01-06T02:00:00-08:00,2025-01-06 10:00:00+00:00,0,0,0,0,0,0
2025-01-06T02:00:00-08:00,2025-01-06 10:00:00+00:00,2025-01-06T03:00:00-08:00,2025-01-06 11:00:00+00:00,0,0,0,0,0,0
2025-01-06T03:00:00-08:00,2025-01-06 11:00:00+00:00,2025-01-06T04:00:00-08:00,2025-01-06 12:00:00+00:00,0,0,0,0,0,0
2025-01-06T04:00:00-08:00,2025-01-06 12:00:00+00:00,2025-01-06T05:00:00-08:00,2025-01-06 13:00:00+00:00,0,0,0,0,0,0
2025-01-06T05:00:00-08:00,2025-01-06 13:00:00+00:00,2025-01-06T06:00:00-08:00,2025-01-06 14:00:00+00:00,0,0,0,0,0,0
2025-01-06T06:00:00-08:00,2025-01-06 14:00:00+00:00,2025-01-06T07:00:00-08:00,2025-01-06 15:00:00+00:00,0,0,0,0,0,0
2025-01-06T07:00:00-08:00,2025-01-06 15:00:00+00:00,2025-01-06T08:00:00-08:00,2025-01-06 16:00:00+00:00,0,0,0,0,0,0
2025-01-06T08:00:00-08:00,2025-01-06 16:00:00+00:00,2025-01-06T09:00:00-08:00,2025-01-06 17:00:00+00:00,0,0,131,248,131,248
2025-01-06T09:00:00-08:00,2025-01-06 17:00:00+00:00,2025-01-06T10:00:00-08:00,2025-01-06 18:00:00+00:00,0,0,160,228,160,228
2025-01-06T10:00:00-08:00,2025-01-06 18:00:00+00:00,2025-01-06T11:00:00-08:00,2025-01-06 19:00:00+00:00,0,0,113,159,113,159
2025-01-06T11:00:00-08:00,2025-01-06 19:00:00+00:00,2025-01-06T12:00:00-08:00,2025-01-06 20:00:00+00:00,0,0,26,31,26,31
2025-01-06T12:00:00-08:00,2025-01-06 20:00:00+00:00,2025-01-06T13:00:00-08:00,2025-01-06 21:00:00+00:00,0,0,35,129,35,129
2025-01-06T13:00:00-08:00,2025-01-06 21:00:00+00:00,2025-01-06T14:00:00-08:00,2025-01-06 22:00:00+00:00,0,0,131,222,131,222
2025-01-06T14:00:00-08:00,2025-01-06 22:00:00+00:00,2025-01-06T15:00:00-08:00,2025-01-06 23:00:00+00:00,0,0,307,378,307,378
2025-01-06T15:00:00-08:00,2025-01-06 23:00:00+00:00,2025-01-06T16:00:00-08:00,2025-01-07 00:00:00+00:00,0,0,183,583,183,583
2025-01-06T16:00:00-08:00,2025-01-07 00:00:00+00:00,2025-01-06T17:00:00-08:00,2025-01-07 01:00:00+00:00,0,0,0,0,0,0
2025-01-06T17:00:00-08:00,2025-01-07 01:00:00+00:00,2025-01-06T18:00:00-08:00,2025-01-07 02:00:00+00:00,0,0,0,0,0,0
2025-01-06T18:00:00-08:00,2025-01-07 02:00:00+00:00,2025-01-06T19:00:00-08:00,2025-01-07 03:00:00+00:00,0,0,0,0,0,0
2025-01-06T19:00:00-08:00,2025-01-07 03:00:00+00:00,2025-01-06T20:00:00-08:00,2025-01-07 04:00:00+00:00,0,0,0,0,0,0
2025-01-06T20:00:00-08:00,2025-01-07 04:00:00+00:00,2025-01-06T21:00:00-08:00,2025-01-07 05:00:00+00:00,0,0,0,0,0,0
2025-01-06T21:00:00-08:00,2025-01-07 05:00:00+00:00,2025-01-06T22:00:00-08:00,2025-01-07 06:00:00+00:00,0,0,0,0,0,0
2025-01-06T22:00:00-08:00,2025-01-07 06:00:00+00:00,2025-01-06T23:00:00-08:00,2025-01-07 07:00:00+00:00,0,0,0,0,0,0
2025-01-06T23:00:00-08:00,2025-01-07 07:00:00+00:00,2025-01-07T00:00:00-08:00,2025-01-07 08:00:00+00:00,163,201,0,0,163,201
2025-01-07T00:00:00-08:00,2025-01-07 08:00:00+00:00,2025-01-07T01:00:00-08:00,2025-01-07 09:00:00+00:00,188,195,0,0,188,195
2025-01-07T01:00:00-08:00,2025-01-07 09:00:00+00:00,2025-01-07T02:00:00-08:00,2025-01-07 10:00:00+00:00,195,199,0,0,195,199
2025-01-07T02:00:00-08:00,2025-01-07 10:00:00+00:00,2025-01-07T03:00:00-08:00,2025-01-07 11:00:00+00:00,175,193,0,0,175,193
2025-01-07T03:00:00-08:00,2025-01-07 11:00:00+00:00,2025-01-07T04:00:00-08:00,2025-01-07 12:00:00+00:00,174,191,0,0,174,191
2025-01-07T04:00:00-08:00,2025-01-07 12:00:00+00:00,2025-01-07T05:00:00-08:00,2025-01-07 13:00:00+00:00,171,178,0,0,171,178
2025-01-07T05:00:00-08:00,2025-01-07 13:00:00+00:00,2025-01-07T06:00:00-08:00,2025-01-07 14:00:00+00:00,162,168,0,0,162,168
2025-01-07T06:00:00-08:00,2025-01-07 14:00:00+00:00,2025-01-07T07:00:00-08:00,2025-01-07 15:00:00+00:00,159,195,1,16,160,211
2025-01-07T07:00:00-08:00,2025-01-07 15:00:00+00:00,2025-01-07T08:00:00-08:00,2025-01-07 16:00:00+00:00,171,178,0,0,171,178
2025-01-07T08:00:00-08:00,2025-01-07 16:00:00+00:00,2025-01-07T09:00:00-08:00,2025-01-07 17:00:00+00:00,159,156,26,65,185,221
2025-01-07T09:00:00-08:00,2025-01-07 17:00:00+00:00,2025-01-07T10:00:00-08:00,2025-01-07 18:00:00+00:00,105,85,38,297,143,382
2025-01-07T10:00:00-08:00,2025-01-07 18:00:00+00:00,2025-01-07T11:00:00-08:00,2025-01-07 19:00:00+00:00,83,77,283,350,366,427
2025-01-07T11:00:00-08:00,2025-01-07 19:00:00+00:00,2025-01-07T12:00:00-08:00,2025-01-07 20:00:00+00:00,105,108,5,34,110,142
2025-01-07T12:00:00-08:00,2025-01-07 20:00:00+00:00,2025-01-07T13:00:00-08:00,2025-01-07 21:00:00+00:00,114,97,112,173,226,270
2025-01-07T13:00:00-08:00,2025-01-07 21:00:00+00:00,2025-01-07T14:00:00-08:00,2025-01-07 22:00:00+00:00,87,73,193,256,280,329
2025-01-07T14:00:00-08:00,2025-01-07 22:00:00+00:00,2025-01-07T15:00:00-08:00,2025-01-07 23:00:00+00:00,66,81,66,137,132,218
2025-01-07T15:00:00-08:00,2025-01-07 23:00:00+00:00,2025-01-07T16:00:00-08:00,2025-01-08 00:00:00+00:00,4,40,5,15,9,55
2025-01-07T16:00:00-08:00,2025-01-08 00:00:00+00:00,2025-01-07T17:00:00-08:00,2025-01-08 01:00:00+00:00,73,117,0,0,73,117
2025-01-07T17:00:00-08:00,2025-01-08 01:00:00+00:00,2025-01-07T18:00:00-08:00,2025-01-08 02:00:00+00:00,129,150,0,0,129,150
2025-01-07T18:00:00-08:00,2025-01-08 02:00:00+00:00,2025-01-07T19:00:00-08:00,2025-01-08 03:00:00+00:00,152,157,0,0,152,157
2025-01-07T19:00:00-08:00,2025-01-08 03:00:00+00:00,2025-01-07T20:00:00-08:00,2025-01-08 04:00:00+00:00,157,164,0,0,157,164
2025-01-07T20:00:00-08:00,2025-01-08 04:00:00+00:00,2025-01-07T21:00:00-08:00,2025-01-08 05:00:00+00:00,153,158,0,0,153,158
2025-01-07T21:00:00-08:00,2025-01-08 05:00:00+00:00,2025-01-07T22:00:00-08:00,2025-01-08 06:00:00+00:00,152,158,0,0,152,158
2025-01-07T22:00:00-08:00,2025-01-08 06:00:00+00:00,2025-01-07T23:00:00-08:00,2025-01-08 07:00:00+00:00,158,161,0,0,158,161
2025-01-07T23:00:00-08:00,2025-01-08 07:00:00+00:00,2025-01-08T00:00:00-08:00,2025-01-08 08:00:00+00:00,141,157,0,0,141,157
2025-01-08T00:00:00-08:00,2025-01-08 08:00:00+00:00,2025-01-08T01:00:00-08:00,2025-01-08 09:00:00+00:00,152,157,0,0,152,157
2025-01-08T01:00:00-08:00,2025-01-08 09:00:00+00:00,2025-01-08T02:00:00-08:00,2025-01-08 10:00:00+00:00,158,160,0,0,158,160
2025-01-08T02:00:00-08:00,2025-01-08 10:00:00+00:00,2025-01-08T03:00:00-08:00,2025-01-08 11:00:00+00:00,151,158,0,0,151,158
2025-01-08T03:00:00-08:00,2025-01-08 11:00:00+00:00,2025-01-08T04:00:00-08:00,2025-01-08 12:00:00+00:00,130,156,0,0,130,156
2025-01-08T04:00:00-08:00,2025-01-08 12:00:00+00:00,2025-01-08T05:00:00-08:00,2025-01-08 13:00:00+00:00,0,0,0,0,0,0
2025-01-08T05:00:00-08:00,2025-01-08 13:00:00+00:00,2025-01-08T06:00:00-08:00,2025-01-08 14:00:00+00:00,0,0,0,0,0,0
2025-01-08T06:00:00-08:00,2025-01-08 14:00:00+00:00,2025-01-08T07:00:00-08:00,2025-01-08 15:00:00+00:00,0,0,0,0,0,0
2025-01-08T07:00:00-08:00,2025-01-08 15:00:00+00:00,2025-01-08T08:00:00-08:00,2025-01-08 16:00:00+00:00,0,0,0,0,0,0
2025-01-08T08:00:00-08:00,2025-01-08 16:00:00+00:00,2025-01-08T09:00:00-08:00,2025-01-08 17:00:00+00:00,0,0,0,0,0,0
2025-01-08T09:00:00-08:00,2025-01-08 17:00:00+00:00,2025-01-08T10:00:00-08:00,2025-01-08 18:00:00+00:00,0,0,0,0,0,0
2025-01-08T10:00:00-08:00,2025-01-08 18:00:00+00:00,2025-01-08T11:00:00-08:00,2025-01-08 19:00:00+00:00,0,0,3,23,3,23
2025-01-08T11:00:00-08:00,2025-01-08 19:00:00+00:00,2025-01-08T12:00:00-08:00,2025-01-08 20:00:00+00:00,0,0,0,0,0,0
2025-01-08T12:00:00-08:00,2025-01-08 20:00:00+00:00,2025-01-08T13:00:00-08:00,2025-01-08 21:00:00+00:00,0,0,0,0,0,0
2025-01-08T13:00:00-08:00,2025-01-08 21:00:00+00:00,2025-01-08T14:00:00-08:00,2025-01-08 22:00:00+00:00,0,0,60,117,60,117
2025-01-08T14:00:00-08:00,2025-01-08 22:00:00+00:00,2025-01-08T15:00:00-08:00,2025-01-08 23:00:00+00:00,0,0,17,83,17,83
2025-01-08T15:00:00-08:00,2025-01-08 23:00:00+00:00,2025-01-08T16:00:00-08:00,2025-01-09 00:00:00+00:00,0,0,16,158,16,158
2025-01-08T16:00:00-08:00,2025-01-09 00:00:00+00:00,2025-01-08T17:00:00-08:00,2025-01-09 01:00:00+00:00,0,0,0,0,0,0
2025-01-08T17:00:00-08:00,2025-01-09 01:00:00+00:00,2025-01-08T18:00:00-08:00,2025-01-09 02:00:00+00:00,0,0,0,0,0,0
2025-01-08T18:00:00-08:00,2025-01-09 02:00:00+00:00,2025-01-08T19:00:00-08:00,2025-01-09 03:00:00+00:00,0,0,0,0,0,0
2025-01-08T19:00:00-08:00,2025-01-09 03:00:00+00:00,2025-01-08T20:00:00-08:00,2025-01-09 04:00:00+00:00,0,0,0,0,0,0
2025-01-08T20:00:00-08:00,2025-01-09 04:00:00+00:00,2025-01-08T21:00:00-08:00,2025-01-09 05:00:00+00:00,0,0,0,0,0,0
2025-01-08T21:00:00-08:00,2025-01-09 05:00:00+00:00,2025-01-08T22:00:00-08:00,2025-01-09 06:00:00+00:00,0,0,0,0,0,0
2025-01-08T22:00:00-08:00,2025-01-09 06:00:00+00:00,2025-01-08T23:00:00-08:00,2025-01-09 07:00:00+00:00,0,0,0,0,0,0
2025-01-08T23:00:00-08:00,2025-01-09 07:00:00+00:00,2025-01-09T00:00:00-08:00,2025-01-09 08:00:00+00:00,0,0,0,0,0,0
2025-01-09T00:00:00-08:00,2025-01-09 08:00:00+00:00,2025-01-09T01:00:00-08:00,2025-01-09 09:00:00+00:00,0,0,0,0,0,0
2025-01-09T01:00:00-08:00,2025-01-09 09:00:00+00:00,2025-01-09T02:00:00-08:00,2025-01-09 10:00:00+00:00,0,0,0,0,0,0
2025-01-09T02:00:00-08:00,2025-01-09 10:00:00+00:00,2025-01-09T03:00:00-08:00,2025-01-09 11:00:00+00:00,0,0,0,0,0,0
2025-01-09T03:00:00-08:00,2025-01-09 11:00:00+00:00,2025-01-09T04:00:00-08:00,2025-01-09 12:00:00+00:00,0,0,0,0,0,0
2025-01-09T04:00:00-08:00,2025-01-09 12:00:00+00:00,2025-01-09T05:00:00-08:00,2025-01-09 13:00:00+00:00,0,0,0,0,0,0
2025-01-09T05:00:00-08:00,2025-01-09 13:00:00+00:00,2025-01-09T06:00:00-08:00,2025-01-09 14:00:00+00:00,0,0,0,0,0,0
2025-01-09T06:00:00-08:00,2025-01-09 14:00:00+00:00,2025-01-09T07:00:00-08:00,2025-01-09 15:00:00+00:00,0,0,0,0,0,0
2025-01-09T07:00:00-08:00,2025-01-09 15:00:00+00:00,2025-01-09T08:00:00-08:00,2025-01-09 16:00:00+00:00,0,0,0,0,0,0
2025-01-09T08:00:00-08:00,2025-01-09 16:00:00+00:00,2025-01-09T09:00:00-08:00,2025-01-09 17:00:00+00:00,0,0,19,131,19,131
2025-01-09T09:00:00-08:00,2025-01-09 17:00:00+00:00,2025-01-09T10:00:00-08:00,2025-01-09 18:00:00+00:00,0,0,273,396,273,396
2025-01-09T10:00:00-08:00,2025-01-09 18:00:00+00:00,2025-01-09T11:00:00-08:00,2025-01-09 19:00:00+00:00,0,0,276,342,276,342
2025-01-09T11:00:00-08:00,2025-01-09 19:00:00+00:00,2025-01-09T12:00:00-08:00,2025-01-09 20:00:00+00:00,0,0,316,349,316,349
2025-01-09T12:00:00-08:00,2025-01-09 20:00:00+00:00,2025-01-09T13:00:00-08:00,2025-01-09 21:00:00+00:00,0,0,324,460,324,460
2025-01-09T13:00:00-08:00,2025-01-09 21:00:00+00:00,2025-01-09T14:00:00-08:00,2025-01-09 22:00:00+00:00,0,0,913,1408,913,1408
2025-01-09T14:00:00-08:00,2025-01-09 22:00:00+00:00,2025-01-09T15:00:00-08:00,2025-01-09 23:00:00+00:00,0,0,1291,1597,1291,1597
2025-01-09T15:00:00-08:00,2025-01-09 23:00:00+00:00,2025-01-09T16:00:00-08:00,2025-01-10 00:00:00+00:00,0,0,455,1418,455,1418
2025-01-09T16:00:00-08:00,2025-01-10 00:00:00+00:00,2025-01-09T17:00:00-08:00,2025-01-10 01:00:00+00:00,0,0,1,8,1,8
2025-01-09T17:00:00-08:00,2025-01-10 01:00:00+00:00,2025-01-09T18:00:00-08:00,2025-01-10 02:00:00+00:00,0,0,0,0,0,0
2025-01-09T18:00:00-08:00,2025-01-10 02:00:00+00:00,2025-01-09T19:00:00-08:00,2025-01-10 03:00:00+00:00,0,0,0,0,0,0
2025-01-09T19:00:00-08:00,2025-01-10 03:00:00+00:00,2025-01-09T20:00:00-08:00,2025-01-10 04:00:00+00:00,10,125,0,0,10,125
2025-01-09T20:00:00-08:00,2025-01-10 04:00:00+00:00,2025-01-09T21:00:00-08:00,2025-01-10 05:00:00+00:00,0,0,0,0,0,0
2025-01-09T21:00:00-08:00,2025-01-10 05:00:00+00:00,2025-01-09T22:00:00-08:00,2025-01-10 06:00:00+00:00,0,0,0,0,0,0
2025-01-09T22:00:00-08:00,2025-01-10 06:00:00+00:00,2025-01-09T23:00:00-08:00,2025-01-10 07:00:00+00:00,0,0,0,0,0,0
2025-01-09T23:00:00-08:00,2025-01-10 07:00:00+00:00,2025-01-10T00:00:00-08:00,2025-01-10 08:00:00+00:00,0,0,0,0,0,0
2025-01-10T00:00:00-08:00,2025-01-10 08:00:00+00:00,2025-01-10T01:00:00-08:00,2025-01-10 09:00:00+00:00,0,0,0,0,0,0
2025-01-10T01:00:00-08:00,2025-01-10 09:00:00+00:00,2025-01-10T02:00:00-08:00,2025-01-10 10:00:00+00:00,0,0,0,0,0,0
2025-01-10T02:00:00-08:00,2025-01-10 10:00:00+00:00,2025-01-10T03:00:00-08:00,2025-01-10 11:00:00+00:00,0,0,0,0,0,0
2025-01-10T03:00:00-08:00,2025-01-10 11:00:00+00:00,2025-01-10T04:00:00-08:00,2025-01-10 12:00:00+00:00,0,0,0,0,0,0
2025-01-10T04:00:00-08:00,2025-01-10 12:00:00+00:00,2025-01-10T05:00:00-08:00,2025-01-10 13:00:00+00:00,0,0,0,0,0,0
2025-01-10T05:00:00-08:00,2025-01-10 13:00:00+00:00,2025-01-10T06:00:00-08:00,2025-01-10 14:00:00+00:00,0,0,0,0,0,0
2025-01-10T06:00:00-08:00,2025-01-10 14:00:00+00:00,2025-01-10T07:00:00-08:00,2025-01-10 15:00:00+00:00,0,0,0,0,0,0
2025-01-10T07:00:00-08:00,2025-01-10 15:00:00+00:00,2025-01-10T08:00:00-08:00,2025-01-10 16:00:00+00:00,4,50,0,0,4,50
2025-01-10T08:00:00-08:00,2025-01-10 16:00:00+00:00,2025-01-10T09:00:00-08:00,2025-01-10 17:00:00+00:00,0,0,8,64,8,64
2025-01-10T09:00:00-08:00,2025-01-10 17:00:00+00:00,2025-01-10T10:00:00-08:00,2025-01-10 18:00:00+00:00,2,0,185,265,187,265
2025-01-10T10:00:00-08:00,2025-01-10 18:00:00+00:00,2025-01-10T11:00:00-08:00,2025-01-10 19:00:00+00:00,0,0,90,111,90,111
2025-01-10T11:00:00-08:00,2025-01-10 19:00:00+00:00,2025-01-10T12:00:00-08:00,2025-01-10 20:00:00+00:00,0,0,93,141,93,141
2025-01-10T12:00:00-08:00,2025-01-10 20:00:00+00:00,2025-01-10T13:00:00-08:00,2025-01-10 21:00:00+00:00,0,0,213,504,213,504
2025-01-10T13:00:00-08:00,2025-01-10 21:00:00+00:00,2025-01-10T14:00:00-08:00,2025-01-10 22:00:00+00:00,0,0,735,1049,735,1049
2025-01-10T14:00:00-08:00,2025-01-10 22:00:00+00:00,2025-01-10T15:00:00-08:00,2025-01-10 23:00:00+00:00,14,10,1369,1747,1383,1757
2025-01-10T15:00:00-08:00,2025-01-10 23:00:00+00:00,2025-01-10T16:00:00-08:00,2025-01-11 00:00:00+00:00,36,96,759,1953,795,2049
2025-01-10T16:00:00-08:00,2025-01-11 00:00:00+00:00,2025-01-10T17:00:00-08:00,2025-01-11 01:00:00+00:00,0,0,1,9,1,9
2025-01-10T17:00:00-08:00,2025-01-11 01:00:00+00:00,2025-01-10T18:00:00-08:00,2025-01-11 02:00:00+00:00,0,0,0,0,0,0
2025-01-10T18:00:00-08:00,2025-01-11 02:00:00+00:00,2025-01-10T19:00:00-08:00,2025-01-11 03:00:00+00:00,0,0,0,0,0,0
2025-01-10T19:00:00-08:00,2025-01-11 03:00:00+00:00,2025-01-10T20:00:00-08:00,2025-01-11 04:00:00+00:00,0,0,0,0,0,0
2025-01-10T20:00:00-08:00,2025-01-11 04:00:00+00:00,2025-01-10T21:00:00-08:00,2025-01-11 05:00:00+00:00,0,0,0,0,0,0
2025-01-10T21:00:00-08:00,2025-01-11 05:00:00+00:00,2025-01-10T22:00:00-08:00,2025-01-11 06:00:00+00:00,0,0,0,0,0,0
2025-01-10T22:00:00-08:00,2025-01-11 06:00:00+00:00,2025-01-10T23:00:00-08:00,2025-01-11 07:00:00+00:00,0,0,0,0,0,0
2025-01-10T23:00:00-08:00,2025-01-11 07:00:00+00:00,2025-01-11T00:00:00-08:00,2025-01-11 08:00:00+00:00,0,0,0,0,0,0
2025-01-11T00:00:00-08:00,2025-01-11 08:00:00+00:00,2025-01-11T01:00:00-08:00,2025-01-11 09:00:00+00:00,0,0,0,0,0,0
2025-01-11T01:00:00-08:00,2025-01-11 09:00:00+00:00,2025-01-11T02:00:00-08:00,2025-01-11 10:00:00+00:00,1,11,0,0,1,11
2025-01-11T02:00:00-08:00,2025-01-11 10:00:00+00:00,2025-01-11T03:00:00-08:00,2025-01-11 11:00:00+00:00,0,0,0,0,0,0
2025-01-11T03:00:00-08:00,2025-01-11 11:00:00+00:00,2025-01-11T04:00:00-08:00,2025-01-11 12:00:00+00:00,3,38,0,0,3,38
2025-01-11T04:00:00-08:00,2025-01-11 12:00:00+00:00,2025-01-11T05:00:00-08:00,2025-01-11 13:00:00+00:00,142,170,0,0,142,170
2025-01-11T05:00:00-08:00,2025-01-11 13:00:00+00:00,2025-01-11T06:00:00-08:00,2025-01-11 14:00:00+00:00,151,172,0,0,151,172
2025-01-11T06:00:00-08:00,2025-01-11 14:00:00+00:00,2025-01-11T07:00:00-08:00,2025-01-11 15:00:00+00:00,142,147,0,0,142,147
2025-01-11T07:00:00-08:00,2025-01-11 15:00:00+00:00,2025-01-11T08:00:00-08:00,2025-01-11 16:00:00+00:00,140,149,0,0,140,149
2025-01-11T08:00:00-08:00,2025-01-11 16:00:00+00:00,2025-01-11T09:00:00-08:00,2025-01-11 17:00:00+00:00,151,155,39,216,190,371
2025-01-11T09:00:00-08:00,2025-01-11 17:00:00+00:00,2025-01-11T10:00:00-08:00,2025-01-11 18:00:00+00:00,170,183,340,461,510,644
2025-01-11T10:00:00-08:00,2025-01-11 18:00:00+00:00,2025-01-11T11:00:00-08:00,2025-01-11 19:00:00+00:00,188,226,307,654,495,880
2025-01-11T11:00:00-08:00,2025-01-11 19:00:00+00:00,2025-01-11T12:00:00-08:00,2025-01-11 20:00:00+00:00,193,229,775,1404,968,1633
2025-01-11T12:00:00-08:00,2025-01-11 20:00:00+00:00,2025-01-11T13:00:00-08:00,2025-01-11 21:00:00+00:00,181,172,1850,2521,2031,2693
2025-01-11T13:00:00-08:00,2025-01-11 21:00:00+00:00,2025-01-11T14:00:00-08:00,2025-01-11 22:00:00+00:00,284,480,2956,3226,3240,3706
2025-01-11T14:00:00-08:00,2025-01-11 22:00:00+00:00,2025-01-11T15:00:00-08:00,2025-01-11 23:00:00+00:00,270,435,3198,3426,3468,3861
2025-01-11T15:00:00-08:00,2025-01-11 23:00:00+00:00,2025-01-11T16:00:00-08:00,2025-01-12 00:00:00+00:00,162,313,1111,3153,1273,3466
2025-01-11T16:00:00-08:00,2025-01-12 00:00:00+00:00,2025-01-11T17:00:00-08:00,2025-01-12 01:00:00+00:00,55,100,0,0,55,100
2025-01-11T17:00:00-08:00,2025-01-12 01:00:00+00:00,2025-01-11T18:00:00-08:00,2025-01-12 02:00:00+00:00,69,104,0,0,69,104
2025-01-11T18:00:00-08:00,2025-01-12 02:00:00+00:00,2025-01-11T19:00:00-08:00,2025-01-12 03:00:00+00:00,108,122,0,0,108,122
2025-01-11T19:00:00-08:00,2025-01-12 03:00:00+00:00,2025-01-11T20:00:00-08:00,2025-01-12 04:00:00+00:00,126,137,0,0,126,137
2025-01-11T20:00:00-08:00,2025-01-12 04:00:00+00:00,2025-01-11T21:00:00-08:00,2025-01-12 05:00:00+00:00,128,135,0,0,128,135
2025-01-11T21:00:00-08:00,2025-01-12 05:00:00+00:00,2025-01-11T22:00:00-08:00,2025-01-12 06:00:00+00:00,131,136,0,0,131,136
2025-01-11T22:00:00-08:00,2025-01-12 06:00:00+00:00,2025-01-11T23:00:00-08:00,2025-01-12 07:00:00+00:00,127,131,0,0,127,131
2025-01-11T23:00:00-08:00,2025-01-12 07:00:00+00:00,2025-01-12T00:00:00-08:00,2025-01-12 08:00:00+00:00,113,127,0,0,113,127
2025-01-12T00:00:00-08:00,2025-01-12 08:00:00+00:00,2025-01-12T01:00:00-08:00,2025-01-12 09:00:00+00:00,126,133,0,0,126,133
2025-01-12T01:00:00-08:00,2025-01-12 09:00:00+00:00,2025-01-12T02:00:00-08:00,2025-01-12 10:00:00+00:00,128,135,0,0,128,135
2025-01-12T02:00:00-08:00,2025-01-12 10:00:00+00:00,2025-01-12T03:00:00-08:00,2025-01-12 11:00:00+00:00,98,114,0,0,98,114
2025-01-12T03:00:00-08:00,2025-01-12 11:00:00+00:00,2025-01-12T04:00:00-08:00,2025-01-12 12:00:00+00:00,88,109,0,0,88,109
2025-01-12T04:00:00-08:00,2025-01-12 12:00:00+00:00,2025-01-12T05:00:00-08:00,2025-01-12 13:00:00+00:00,84,105,0,0,84,105
2025-01-12T05:00:00-08:00,2025-01-12 13:00:00+00:00,2025-01-12T06:00:00-08:00,2025-01-12 14:00:00+00:00,84,98,0,0,84,98
2025-01-12T06:00:00-08:00,2025-01-12 14:00:00+00:00,2025-01-12T07:00:00-08:00,2025-01-12 15:00:00+00:00,65,100,0,0,65,100
2025-01-12T07:00:00-08:00,2025-01-12 15:00:00+00:00,2025-01-12T08:00:00-08:00,2025-01-12 16:00:00+00:00,3,30,0,0,3,30
2025-01-12T08:00:00-08:00,2025-01-12 16:00:00+00:00,2025-01-12T09:00:00-08:00,2025-01-12 17:00:00+00:00,0,0,38,256,38,256
2025-01-12T09:00:00-08:00,2025-01-12 17:00:00+00:00,2025-01-12T10:00:00-08:00,2025-01-12 18:00:00+00:00,2,11,317,610,319,621
2025-01-12T10:00:00-08:00,2025-01-12 18:00:00+00:00,2025-01-12T11:00:00-08:00,2025-01-12 19:00:00+00:00,0,0,346,408,346,408
2025-01-12T11:00:00-08:00,2025-01-12 19:00:00+00:00,2025-01-12T12:00:00-08:00,2025-01-12 20:00:00+00:00,9,45,176,183,185,228
2025-01-12T12:00:00-08:00,2025-01-12 20:00:00+00:00,2025-01-12T13:00:00-08:00,2025-01-12 21:00:00+00:00,0,0,232,333,232,333
2025-01-12T13:00:00-08:00,2025-01-12 21:00:00+00:00,2025-01-12T14:00:00-08:00,2025-01-12 22:00:00+00:00,0,0,345,419,345,419
2025-01-12T14:00:00-08:00,2025-01-12 22:00:00+00:00,2025-01-12T15:00:00-08:00,2025-01-12 23:00:00+00:00,0,0,359,512,359,512
2025-01-12T15:00:00-08:00,2025-01-12 23:00:00+00:00,2025-01-12T16:00:00-08:00,2025-01-13 00:00:00+00:00,0,0,286,1145,286,1145
2025-01-12T16:00:00-08:00,2025-01-13 00:00:00+00:00,2025-01-12T17:00:00-08:00,2025-01-13 01:00:00+00:00,0,0,0,0,0,0
2025-01-12T17:00:00-08:00,2025-01-13 01:00:00+00:00,2025-01-12T18:00:00-08:00,2025-01-13 02:00:00+00:00,0,0,0,0,0,0
2025-01-12T18:00:00-08:00,2025-01-13 02:00:00+00:00,2025-01-12T19:00:00-08:00,2025-01-13 03:00:00+00:00,0,0,0,0,0,0
2025-01-12T19:00:00-08:00,2025-01-13 03:00:00+00:00,2025-01-12T20:00:00-08:00,2025-01-13 04:00:00+00:00,0,0,0,0,0,0
2025-01-12T20:00:00-08:00,2025-01-13 04:00:00+00:00,2025-01-12T21:00:00-08:00,2025-01-13 05:00:00+00:00,0,0,0,0,0,0
2025-01-12T21:00:00-08:00,2025-01-13 05:00:00+00:00,2025-01-12T22:00:00-08:00,2025-01-13 06:00:00+00:00,0,0,0,0,0,0
2025-01-12T22:00:00-08:00,2025-01-13 06:00:00+00:00,2025-01-12T23:00:00-08:00,2025-01-13 07:00:00+00:00,0,0,0,0,0,0
2025-01-12T23:00:00-08:00,2025-01-13 07:00:00+00:00,2025-01-13T00:00:00-08:00,2025-01-13 08:00:00+00:00,0,0,0,0,0,0
2025-01-13T00:00:00-08:00,2025-01-13 08:00:00+00:00,2025-01-13T01:00:00-08:00,2025-01-13 09:00:00+00:00,0,0,0,0,0,0
2025-01-13T01:00:00-08:00,2025-01-13 09:00:00+00:00,2025-01-13T02:00:00-08:00,2025-01-13 10:00:00+00:00,0,0,0,0,0,0
2025-01-13T02:00:00-08:00,2025-01-13 10:00:00+00:00,2025-01-13T03:00:00-08:00,2025-01-13 11:00:00+00:00,0,0,0,0,0,0
2025-01-13T03:00:00-08:00,2025-01-13 11:00:00+00:00,2025-01-13T04:00:00-08:00,2025-01-13 12:00:00+00:00,0,0,0,0,0,0
2025-01-13T04:00:00-08:00,2025-01-13 12:00:00+00:00,2025-01-13T05:00:00-08:00,2025-01-13 13:00:00+00:00,0,0,0,0,0,0
2025-01-13T05:00:00-08:00,2025-01-13 13:00:00+00:00,2025-01-13T06:00:00-08:00,2025-01-13 14:00:00+00:00,0,0,0,0,0,0
2025-01-13T06:00:00-08:00,2025-01-13 14:00:00+00:00,2025-01-13T07:00:00-08:00,2025-01-13 15:00:00+00:00,37,126,0,0,37,126
2025-01-13T07:00:00-08:00,2025-01-13 15:00:00+00:00,2025-01-13T08:00:00-08:00,2025-01-13 16:00:00+00:00,143,249,0,0,143,249
2025-01-13T08:00:00-08:00,2025-01-13 16:00:00+00:00,2025-01-13T09:00:00-08:00,2025-01-13 17:00:00+00:00,238,239,99,300,337,539
2025-01-13T09:00:00-08:00,2025-01-13 17:00:00+00:00,2025-01-13T10:00:00-08:00,2025-01-13 18:00:00+00:00,161,159,207,322,368,481
2025-01-13T10:00:00-08:00,2025-01-13 18:00:00+00:00,2025-01-13T11:00:00-08:00,2025-01-13 19:00:00+00:00,165,161,222,280,387,441
2025-01-13T11:00:00-08:00,2025-01-13 19:00:00+00:00,2025-01-13T12:00:00-08:00,2025-01-13 20:00:00+00:00,146,165,40,173,186,338
2025-01-13T12:00:00-08:00,2025-01-13 20:00:00+00:00,2025-01-13T13:00:00-08:00,2025-01-13 21:00:00+00:00,42,110,59,51,101,161
2025-01-13T13:00:00-08:00,2025-01-13 21:00:00+00:00,2025-01-13T14:00:00-08:00,2025-01-13 22:00:00+00:00,0,0,468,612,468,612
2025-01-13T14:00:00-08:00,2025-01-13 22:00:00+00:00,2025-01-13T15:00:00-08:00,2025-01-13 23:00:00+00:00,0,0,562,705,562,705
2025-01-13T15:00:00-08:00,2025-01-13 23:00:00+00:00,2025-01-13T16:00:00-08:00,2025-01-14 00:00:00+00:00,0,0,258,697,258,697
2025-01-13T16:00:00-08:00,2025-01-14 00:00:00+00:00,2025-01-13T17:00:00-08:00,2025-01-14 01:00:00+00:00,0,0,2,9,2,9
2025-01-13T17:00:00-08:00,2025-01-14 01:00:00+00:00,2025-01-13T18:00:00-08:00,2025-01-14 02:00:00+00:00,0,0,0,0,0,0
2025-01-13T18:00:00-08:00,2025-01-14 02:00:00+00:00,2025-01-13T19:00:00-08:00,2025-01-14 03:00:00+00:00,0,0,0,0,0,0
2025-01-13T19:00:00-08:00,2025-01-14 03:00:00+00:00,2025-01-13T20:00:00-08:00,2025-01-14 04:00:00+00:00,0,0,0,0,0,0
2025-01-13T20:00:00-08:00,2025-01-14 04:00:00+00:00,2025-01-13T21:00:00-08:00,2025-01-14 05:00:00+00:00,0,0,0,0,0,0
2025-01-13T21:00:00-08:00,2025-01-14 05:00:00+00:00,2025-01-13T22:00:00-08:00,2025-01-14 06:00:00+00:00,0,0,0,0,0,0
2025-01-13T22:00:00-08:00,2025-01-14 06:00:00+00:00,2025-01-13T23:00:00-08:00,2025-01-14 07:00:00+00:00,0,0,0,0,0,0
2025-01-13T23:00:00-08:00,2025-01-14 07:00:00+00:00,2025-01-14T00:00:00-08:00,2025-01-14 08:00:00+00:00,0,0,0,0,0,0
2025-01-14T00:00:00-08:00,2025-01-14 08:00:00+00:00,2025-01-14T01:00:00-08:00,2025-01-14 09:00:00+00:00,0,0,0,0,0,0
2025-01-14T01:00:00-08:00,2025-01-14 09:00:00+00:00,2025-01-14T02:00:00-08:00,2025-01-14 10:00:00+00:00,0,0,0,0,0,0
2025-01-14T02:00:00-08:00,2025-01-14 10:00:00+00:00,2025-01-14T03:00:00-08:00,2025-01-14 11:00:00+00:00,0,0,0,0,0,0
2025-01-14T03:00:00-08:00,2025-01-14 11:00:00+00:00,2025-01-14T04:00:00-08:00,2025-01-14 12:00:00+00:00,0,0,0,0,0,0
2025-01-14T04:00:00-08:00,2025-01-14 12:00:00+00:00,2025-01-14T05:00:00-08:00,2025-01-14 13:00:00+00:00,0,0,0,0,0,0
2025-01-14T05:00:00-08:00,2025-01-14 13:00:00+00:00,2025-01-14T06:00:00-08:00,2025-01-14 14:00:00+00:00,0,0,0,0,0,0
2025-01-14T06:00:00-08:00,2025-01-14 14:00:00+00:00,2025-01-14T07:00:00-08:00,2025-01-14 15:00:00+00:00,0,0,0,0,0,0
2025-01-14T07:00:00-08:00,2025-01-14 15:00:00+00:00,2025-01-14T08:00:00-08:00,2025-01-14 16:00:00+00:00,0,0,0,0,0,0
2025-01-14T08:00:00-08:00,2025-01-14 16:00:00+00:00,2025-01-14T09:00:00-08:00,2025-01-14 17:00:00+00:00,0,0,188,433,188,433
2025-01-14T09:00:00-08:00,2025-01-14 17:00:00+00:00,2025-01-14T10:00:00-08:00,2025-01-14 18:00:00+00:00,0,0,242,405,242,405
2025-01-14T10:00:00-08:00,2025-01-14 18:00:00+00:00,2025-01-14T11:00:00-08:00,2025-01-14 19:00:00+00:00,0,0,344,421,344,421
2025-01-14T11:00:00-08:00,2025-01-14 19:00:00+00:00,2025-01-14T12:00:00-08:00,2025-01-14 20:00:00+00:00,0,0,144,155,144,155
2025-01-14T12:00:00-08:00,2025-01-14 20:00:00+00:00,2025-01-14T13:00:00-08:00,2025-01-14 21:00:00+00:00,0,0,177,217,177,217
2025-01-14T13:00:00-08:00,2025-01-14 21:00:00+00:00,2025-01-14T14:00:00-08:00,2025-01-14 22:00:00+00:00,0,0,747,1468,747,1468
2025-01-14T14:00:00-08:00,2025-01-14 22:00:00+00:00,2025-01-14T15:00:00-08:00,2025-01-14 23:00:00+00:00,0,0,1780,2104,1780,2104
2025-01-14T15:00:00-08:00,2025-01-14 23:00:00+00:00,2025-01-14T16:00:00-08:00,2025-01-15 00:00:00+00:00,0,0,891,2749,891,2749
2025-01-14T16:00:00-08:00,2025-01-15 00:00:00+00:00,2025-01-14T17:00:00-08:00,2025-01-15 01:00:00+00:00,0,0,0,0,0,0
2025-01-14T17:00:00-08:00,2025-01-15 01:00:00+00:00,2025-01-14T18:00:00-08:00,2025-01-15 02:00:00+00:00,0,0,0,0,0,0
2025-01-14T18:00:00-08:00,2025-01-15 02:00:00+00:00,2025-01-14T19:00:00-08:00,2025-01-15 03:00:00+00:00,0,0,0,0,0,0
2025-01-14T19:00:00-08:00,2025-01-15 03:00:00+00:00,2025-01-14T20:00:00-08:00,2025-01-15 04:00:00+00:00,0,0,0,0,0,0
2025-01-14T20:00:00-08:00,2025-01-15 04:00:00+00:00,2025-01-14T21:00:00-08:00,2025-01-15 05:00:00+00:00,0,0,0,0,0,0
2025-01-14T21:00:00-08:00,2025-01-15 05:00:00+00:00,2025-01-14T22:00:00-08:00,2025-01-15 06:00:00+00:00,0,0,0,0,0,0
2025-01-14T22:00:00-08:00,2025-01-15 06:00:00+00:00,2025-01-14T23:00:00-08:00,2025-01-15 07:00:00+00:00,0,0,0,0,0,0
2025-01-14T23:00:00-08:00,2025-01-15 07:00:00+00:00,2025-01-15T00:00:00-08:00,2025-01-15 08:00:00+00:00,0,0,0,0,0,0
2025-01-15T00:00:00-08:00,2025-01-15 08:00:00+00:00,2025-01-15T01:00:00-08:00,2025-01-15 09:00:00+00:00,0,0,0,0,0,0
2025-01-15T01:00:00-08:00,2025-01-15 09:00:00+00:00,2025-01-15T02:00:00-08:00,2025-01-15 10:00:00+00:00,1,7,0,0,1,7
2025-01-15T02:00:00-08:00,2025-01-15 10:00:00+00:00,2025-01-15T03:00:00-08:00,2025-01-15 11:00:00+00:00,0,0,0,0,0,0
2025-01-15T03:00:00-08:00,2025-01-15 11:00:00+00:00,2025-01-15T04:00:00-08:00,2025-01-15 12:00:00+00:00,0,0,0,0,0,0
2025-01-15T04:00:00-08:00,2025-01-15 12:00:00+00:00,2025-01-15T05:00:00-08:00,2025-01-15 13:00:00+00:00,0,0,0,0,0,0
2025-01-15T05:00:00-08:00,2025-01-15 13:00:00+00:00,2025-01-15T06:00:00-08:00,2025-01-15 14:00:00+00:00,0,0,0,0,0,0
2025-01-15T06:00:00-08:00,2025-01-15 14:00:00+00:00,2025-01-15T07:00:00-08:00,2025-01-15 15:00:00+00:00,0,0,0,0,0,0
2025-01-15T07:00:00-08:00,2025-01-15 15:00:00+00:00,2025-01-15T08:00:00-08:00,2025-01-15 16:00:00+00:00,0,0,12,54,12,54
2025-01-15T08:00:00-08:00,2025-01-15 16:00:00+00:00,2025-01-15T09:00:00-08:00,2025-01-15 17:00:00+00:00,0,0,230,503,230,503
2025-01-15T09:00:00-08:00,2025-01-15 17:00:00+00:00,2025-01-15T10:00:00-08:00,2025-01-15 18:00:00+00:00,0,0,464,947,464,947
2025-01-15T10:00:00-08:00,2025-01-15 18:00:00+00:00,2025-01-15T11:00:00-08:00,2025-01-15 19:00:00+00:00,0,0,591,751,591,751
2025-01-15T11:00:00-08:00,2025-01-15 19:00:00+00:00,2025-01-15T12:00:00-08:00,2025-01-15 20:00:00+00:00,0,0,488,590,488,590
2025-01-15T12:00:00-08:00,2025-01-15 20:00:00+00:00,2025-01-15T13:00:00-08:00,2025-01-15 21:00:00+00:00,0,0,253,433,253,433
2025-01-15T13:00:00-08:00,2025-01-15 21:00:00+00:00,2025-01-15T14:00:00-08:00,2025-01-15 22:00:00+00:00,5,59,810,1326,815,1385
2025-01-15T14:00:00-08:00,2025-01-15 22:00:00+00:00,2025-01-15T15:00:00-08:00,2025-01-15 23:00:00+00:00,146,335,2735,3274,2881,3609
2025-01-15T15:00:00-08:00,2025-01-15 23:00:00+00:00,2025-01-15T16:00:00-08:00,2025-01-16 00:00:00+00:00,51,191,1268,3544,1319,3735
2025-01-15T16:00:00-08:00,2025-01-16 00:00:00+00:00,2025-01-15T17:00:00-08:00,2025-01-16 01:00:00+00:00,0,0,1,11,1,11
2025-01-15T17:00:00-08:00,2025-01-16 01:00:00+00:00,2025-01-15T18:00:00-08:00,2025-01-16 02:00:00+00:00,0,0,0,0,0,0
2025-01-15T18:00:00-08:00,2025-01-16 02:00:00+00:00,2025-01-15T19:00:00-08:00,2025-01-16 03:00:00+00:00,0,0,0,0,0,0
2025-01-15T19:00:00-08:00,2025-01-16 03:00:00+00:00,2025-01-15T20:00:00-08:00,2025-01-16 04:00:00+00:00,0,0,0,0,0,0
2025-01-15T20:00:00-08:00,2025-01-16 04:00:00+00:00,2025-01-15T21:00:00-08:00,2025-01-16 05:00:00+00:00,0,0,0,0,0,0
2025-01-15T21:00:00-08:00,2025-01-16 05:00:00+00:00,2025-01-15T22:00:00-08:00,2025-01-16 06:00:00+00:00,0,0,0,0,0,0
2025-01-15T22:00:00-08:00,2025-01-16 06:00:00+00:00,2025-01-15T23:00:00-08:00,2025-01-16 07:00:00+00:00,0,0,0,0,0,0
2025-01-15T23:00:00-08:00,2025-01-16 07:00:00+00:00,2025-01-16T00:00:00-08:00,2025-01-16 08:00:00+00:00,0,0,0,0,0,0
2025-01-16T00:00:00-08:00,2025-01-16 08:00:00+00:00,2025-01-16T01:00:00-08:00,2025-01-16 09:00:00+00:00,0,0,0,0,0,0
2025-01-16T01:00:00-08:00,2025-01-16 09:00:00+00:00,2025-01-16T02:00:00-08:00,2025-01-16 10:00:00+00:00,0,0,0,0,0,0
2025-01-16T02:00:00-08:00,2025-01-16 10:00:00+00:00,2025-01-16T03:00:00-08:00,2025-01-16 11:00:00+00:00,1,6,0,0,1,6
2025-01-16T03:00:00-08:00,2025-01-16 11:00:00+00:00,2025-01-16T04:00:00-08:00,2025-01-16 12:00:00+00:00,0,0,0,0,0,0
2025-01-16T04:00:00-08:00,2025-01-16 12:00:00+00:00,2025-01-16T05:00:00-08:00,2025-01-16 13:00:00+00:00,0,0,0,0,0,0
2025-01-16T05:00:00-08:00,2025-01-16 13:00:00+00:00,2025-01-16T06:00:00-08:00,2025-01-16 14:00:00+00:00,0,0,0,0,0,0
2025-01-16T06:00:00-08:00,2025-01-16 14:00:00+00:00,2025-01-16T07:00:00-08:00,2025-01-16 15:00:00+00:00,0,0,0,0,0,0
2025-01-16T07:00:00-08:00,2025-01-16 15:00:00+00:00,2025-01-16T08:00:00-08:00,2025-01-16 16:00:00+00:00,0,0,87,338,87,338
2025-01-16T08:00:00-08:00,2025-01-16 16:00:00+00:00,2025-01-16T09:00:00-08:00,2025-01-16 17:00:00+00:00,0,0,363,630,363,630
2025-01-16T09:00:00-08:00,2025-01-16 17:00:00+00:00,2025-01-16T10:00:00-08:00,2025-01-16 18:00:00+00:00,0,0,172,341,172,341
2025-01-16T10:00:00-08:00,2025-01-16 18:00:00+00:00,2025-01-16T11:00:00-08:00,2025-01-16 19:00:00+00:00,0,0,122,243,122,243
2025-01-16T11:00:00-08:00,2025-01-16 19:00:00+00:00,2025-01-16T12:00:00-08:00,2025-01-16 20:00:00+00:00,0,0,30,42,30,42
2025-01-16T12:00:00-08:00,2025-01-16 20:00:00+00:00,2025-01-16T13:00:00-08:00,2025-01-16 21:00:00+00:00,0,0,12,44,12,44
2025-01-16T13:00:00-08:00,2025-01-16 21:00:00+00:00,2025-01-16T14:00:00-08:00,2025-01-16 22:00:00+00:00,0,0,26,78,26,78
2025-01-16T14:00:00-08:00,2025-01-16 22:00:00+00:00,2025-01-16T15:00:00-08:00,2025-01-16 23:00:00+00:00,0,0,0,0,0,0
2025-01-16T15:00:00-08:00,2025-01-16 23:00:00+00:00,2025-01-16T16:00:00-08:00,2025-01-17 00:00:00+00:00,0,0,11,54,11,54
2025-01-16T16:00:00-08:00,2025-01-17 00:00:00+00:00,2025-01-16T17:00:00-08:00,2025-01-17 01:00:00+00:00,0,0,0,0,0,0
2025-01-16T17:00:00-08:00,2025-01-17 01:00:00+00:00,2025-01-16T18:00:00-08:00,2025-01-17 02:00:00+00:00,0,0,0,0,0,0
2025-01-16T18:00:00-08:00,2025-01-17 02:00:00+00:00,2025-01-16T19:00:00-08:00,2025-01-17 03:00:00+00:00,0,0,0,0,0,0
2025-01-16T19:00:00-08:00,2025-01-17 03:00:00+00:00,2025-01-16T20:00:00-08:00,2025-01-17 04:00:00+00:00,0,0,0,0,0,0
2025-01-16T20:00:00-08:00,2025-01-17 04:00:00+00:00,2025-01-16T21:00:00-08:00,2025-01-17 05:00:00+00:00,0,0,0,0,0,0
2025-01-16T21:00:00-08:00,2025-01-17 05:00:00+00:00,2025-01-16T22:00:00-08:00,2025-01-17 06:00:00+00:00,0,0,0,0,0,0
2025-01-16T22:00:00-08:00,2025-01-17 06:00:00+00:00,2025-01-16T23:00:00-08:00,2025-01-17 07:00:00+00:00,0,0,0,0,0,0
2025-01-16T23:00:00-08:00,2025-01-17 07:00:00+00:00,2025-01-17T00:00:00-08:00,2025-01-17 08:00:00+00:00,0,0,0,0,0,0
2025-01-17T00:00:00-08:00,2025-01-17 08:00:00+00:00,2025-01-17T01:00:00-08:00,2025-01-17 09:00:00+00:00,0,0,0,0,0,0
2025-01-17T01:00:00-08:00,2025-01-17 09:00:00+00:00,2025-01-17T02:00:00-08:00,2025-01-17 10:00:00+00:00,0,0,0,0,0,0
2025-01-17T02:00:00-08:00,2025-01-17 10:00:00+00:00,2025-01-17T03:00:00-08:00,2025-01-17 11:00:00+00:00,0,0,0,0,0,0
2025-01-17T03:00:00-08:00,2025-01-17 11:00:00+00:00,2025-01-17T04:00:00-08:00,2025-01-17 12:00:00+00:00,0,0,0,0,0,0
2025-01-17T04:00:00-08:00,2025-01-17 12:00:00+00:00,2025-01-17T05:00:00-08:00,2025-01-17 13:00:00+00:00,0,0,0,0,0,0
2025-01-17T05:00:00-08:00,2025-01-17 13:00:00+00:00,2025-01-17T06:00:00-08:00,2025-01-17 14:00:00+00:00,0,0,0,0,0,0
2025-01-17T06:00:00-08:00,2025-01-17 14:00:00+00:00,2025-01-17T07:00:00-08:00,2025-01-17 15:00:00+00:00,0,0,0,2,0,2
2025-01-17T07:00:00-08:00,2025-01-17 15:00:00+00:00,2025-01-17T08:00:00-08:00,2025-01-17 16:00:00+00:00,29,204,102,294,131,498
2025-01-17T08:00:00-08:00,2025-01-17 16:00:00+00:00,2025-01-17T09:00:00-08:00,2025-01-17 17:00:00+00:00,20,59,852,1496,872,1555
2025-01-17T09:00:00-08:00,2025-01-17 17:00:00+00:00,2025-01-17T10:00:00-08:00,2025-01-17 18:00:00+00:00,120,257,2001,2402,2121,2659
2025-01-17T10:00:00-08:00,2025-01-17 18:00:00+00:00,2025-01-17T11:00:00-08:00,2025-01-17 19:00:00+00:00,165,198,1747,1965,1912,2163
2025-01-17T11:00:00-08:00,2025-01-17 19:00:00+00:00,2025-01-17T12:00:00-08:00,2025-01-17 20:00:00+00:00,66,144,1583,1753,1649,1897
2025-01-17T12:00:00-08:00,2025-01-17 20:00:00+00:00,2025-01-17T13:00:00-08:00,2025-01-17 21:00:00+00:00,80,271,2171,2368,2251,2639
2025-01-17T13:00:00-08:00,2025-01-17 21:00:00+00:00,2025-01-17T14:00:00-08:00,2025-01-17 22:00:00+00:00,257,385,2767,3088,3024,3473
2025-01-17T14:00:00-08:00,2025-01-17 22:00:00+00:00,2025-01-17T15:00:00-08:00,2025-01-17 23:00:00+00:00,448,594,3274,3347,3722,3941
2025-01-17T15:00:00-08:00,2025-01-17 23:00:00+00:00,2025-01-17T16:00:00-08:00,2025-01-18 00:00:00+00:00,129,477,1327,3508,1456,3985
2025-01-17T16:00:00-08:00,2025-01-18 00:00:00+00:00,2025-01-17T17:00:00-08:00,2025-01-18 01:00:00+00:00,0,0,1,6,1,6
2025-01-17T17:00:00-08:00,2025-01-18 01:00:00+00:00,2025-01-17T18:00:00-08:00,2025-01-18 02:00:00+00:00,0,0,0,0,0,0
2025-01-17T18:00:00-08:00,2025-01-18 02:00:00+00:00,2025-01-17T19:00:00-08:00,2025-01-18 03:00:00+00:00,0,0,0,0,0,0
2025-01-17T19:00:00-08:00,2025-01-18 03:00:00+00:00,2025-01-17T20:00:00-08:00,2025-01-18 04:00:00+00:00,0,0,0,0,0,0
2025-01-17T20:00:00-08:00,2025-01-18 04:00:00+00:00,2025-01-17T21:00:00-08:00,2025-01-18 05:00:00+00:00,0,0,0,0,0,0
2025-01-17T21:00:00-08:00,2025-01-18 05:00:00+00:00,2025-01-17T22:00:00-08:00,2025-01-18 06:00:00+00:00,0,0,0,0,0,0
2025-01-17T22:00:00-08:00,2025-01-18 06:00:00+00:00,2025-01-17T23:00:00-08:00,2025-01-18 07:00:00+00:00,0,0,0,0,0,0
2025-01-17T23:00:00-08:00,2025-01-18 07:00:00+00:00,2025-01-18T00:00:00-08:00,2025-01-18 08:00:00+00:00,0,0,0,0,0,0
2025-01-18T00:00:00-08:00,2025-01-18 08:00:00+00:00,2025-01-18T01:00:00-08:00,2025-01-18 09:00:00+00:00,0,0,0,0,0,0
2025-01-18T01:00:00-08:00,2025-01-18 09:00:00+00:00,2025-01-18T02:00:00-08:00,2025-01-18 10:00:00+00:00,0,0,0,0,0,0
2025-01-18T02:00:00-08:00,2025-01-18 10:00:00+00:00,2025-01-18T03:00:00-08:00,2025-01-18 11:00:00+00:00,0,0,0,0,0,0
2025-01-18T03:00:00-08:00,2025-01-18 11:00:00+00:00,2025-01-18T04:00:00-08:00,2025-01-18 12:00:00+00:00,0,0,0,0,0,0
2025-01-18T04:00:00-08:00,2025-01-18 12:00:00+00:00,2025-01-18T05:00:00-08:00,2025-01-18 13:00:00+00:00,0,0,0,0,0,0
2025-01-18T05:00:00-08:00,2025-01-18 13:00:00+00:00,2025-01-18T06:00:00-08:00,2025-01-18 14:00:00+00:00,0,0,0,0,0,0
2025-01-18T06:00:00-08:00,2025-01-18 14:00:00+00:00,2025-01-18T07:00:00-08:00,2025-01-18 15:00:00+00:00,0,0,0,0,0,0
2025-01-18T07:00:00-08:00,2025-01-18 15:00:00+00:00,2025-01-18T08:00:00-08:00,2025-01-18 16:00:00+00:00,0,0,0,0,0,0
2025-01-18T08:00:00-08:00,2025-01-18 16:00:00+00:00,2025-01-18T09:00:00-08:00,2025-01-18 17:00:00+00:00,0,0,53,98,53,98
2025-01-18T09:00:00-08:00,2025-01-18 17:00:00+00:00,2025-01-18T10:00:00-08:00,2025-01-18 18:00:00+00:00,0,0,120,201,120,201
2025-01-18T10:00:00-08:00,2025-01-18 18:00:00+00:00,2025-01-18T11:00:00-08:00,2025-01-18 19:00:00+00:00,0,0,84,350,84,350
2025-01-18T11:00:00-08:00,2025-01-18 19:00:00+00:00,2025-01-18T12:00:00-08:00,2025-01-18 20:00:00+00:00,0,0,255,519,255,519
2025-01-18T12:00:00-08:00,2025-01-18 20:00:00+00:00,2025-01-18T13:00:00-08:00,2025-01-18 21:00:00+00:00,1,3,537,686,538,689
2025-01-18T13:00:00-08:00,2025-01-18 21:00:00+00:00,2025-01-18T14:00:00-08:00,2025-01-18 22:00:00+00:00,10,21,694,819,704,840
2025-01-18T14:00:00-08:00,2025-01-18 22:00:00+00:00,2025-01-18T15:00:00-08:00,2025-01-18 23:00:00+00:00,0,0,511,566,511,566
2025-01-18T15:00:00-08:00,2025-01-18 23:00:00+00:00,2025-01-18T16:00:00-08:00,2025-01-19 00:00:00+00:00,0,0,295,1222,295,1222
2025-01-18T16:00:00-08:00,2025-01-19 00:00:00+00:00,2025-01-18T17:00:00-08:00,2025-01-19 01:00:00+00:00,0,0,1,7,1,7
2025-01-18T17:00:00-08:00,2025-01-19 01:00:00+00:00,2025-01-18T18:00:00-08:00,2025-01-19 02:00:00+00:00,0,0,0,0,0,0
2025-01-18T18:00:00-08:00,2025-01-19 02:00:00+00:00,2025-01-18T19:00:00-08:00,2025-01-19 03:00:00+00:00,0,0,0,0,0,0
2025-01-18T19:00:00-08:00,2025-01-19 03:00:00+00:00,2025-01-18T20:00:00-08:00,2025-01-19 04:00:00+00:00,0,0,0,0,0,0
2025-01-18T20:00:00-08:00,2025-01-19 04:00:00+00:00,2025-01-18T21:00:00-08:00,2025-01-19 05:00:00+00:00,0,0,0,0,0,0
2025-01-18T21:00:00-08:00,2025-01-19 05:00:00+00:00,2025-01-18T22:00:00-08:00,2025-01-19 06:00:00+00:00,0,0,0,0,0,0
2025-01-18T22:00:00-08:00,2025-01-19 06:00:00+00:00,2025-01-18T23:00:00-08:00,2025-01-19 07:00:00+00:00,0,0,0,0,0,0
2025-01-18T23:00:00-08:00,2025-01-19 07:00:00+00:00,2025-01-19T00:00:00-08:00,2025-01-19 08:00:00+00:00,0,0,0,0,0,0
2025-01-19T00:00:00-08:00,2025-01-19 08:00:00+00:00,2025-01-19T01:00:00-08:00,2025-01-19 09:00:00+00:00,0,0,0,0,0,0
2025-01-19T01:00:00-08:00,2025-01-19 09:00:00+00:00,2025-01-19T02:00:00-08:00,2025-01-19 10:00:00+00:00,0,0,0,0,0,0
2025-01-19T02:00:00-08:00,2025-01-19 10:00:00+00:00,2025-01-19T03:00:00-08:00,2025-01-19 11:00:00+00:00,0,0,0,0,0,0
2025-01-19T03:00:00-08:00,2025-01-19 11:00:00+00:00,2025-01-19T04:00:00-08:00,2025-01-19 12:00:00+00:00,0,0,0,0,0,0
2025-01-19T04:00:00-08:00,2025-01-19 12:00:00+00:00,2025-01-19T05:00:00-08:00,2025-01-19 13:00:00+00:00,0,0,0,0,0,0
2025-01-19T05:00:00-08:00,2025-01-19 13:00:00+00:00,2025-01-19T06:00:00-08:00,2025-01-19 14:00:00+00:00,0,0,0,0,0,0
2025-01-19T06:00:00-08:00,2025-01-19 14:00:00+00:00,2025-01-19T07:00:00-08:00,2025-01-19 15:00:00+00:00,0,0,0,0,0,0
2025-01-19T07:00:00-08:00,2025-01-19 15:00:00+00:00,2025-01-19T08:00:00-08:00,2025-01-19 16:00:00+00:00,0,0,1,8,1,8
2025-01-19T08:00:00-08:00,2025-01-19 16:00:00+00:00,2025-01-19T09:00:00-08:00,2025-01-19 17:00:00+00:00,0,0,4,20,4,20
2025-01-19T09:00:00-08:00,2025-01-19 17:00:00+00:00,2025-01-19T10:00:00-08:00,2025-01-19 18:00:00+00:00,0,0,146,194,146,194
2025-01-19T10:00:00-08:00,2025-01-19 18:00:00+00:00,2025-01-19T11:00:00-08:00,2025-01-19 19:00:00+00:00,0,0,26,36,26,36
2025-01-19T11:00:00-08:00,2025-01-19 19:00:00+00:00,2025-01-19T12:00:00-08:00,2025-01-19 20:00:00+00:00,0,0,2,25,2,25
2025-01-19T12:00:00-08:00,2025-01-19 20:00:00+00:00,2025-01-19T13:00:00-08:00,2025-01-19 21:00:00+00:00,0,0,74,201,74,201
2025-01-19T13:00:00-08:00,2025-01-19 21:00:00+00:00,2025-01-19T14:00:00-08:00,2025-01-19 22:00:00+00:00,0,0,493,650,493,650
2025-01-19T14:00:00-08:00,2025-01-19 22:00:00+00:00,2025-01-19T15:00:00-08:00,2025-01-19 23:00:00+00:00,0,0,286,395,286,395
2025-01-19T15:00:00-08:00,2025-01-19 23:00:00+00:00,2025-01-19T16:00:00-08:00,2025-01-20 00:00:00+00:00,0,0,174,525,174,525
2025-01-19T16:00:00-08:00,2025-01-20 00:00:00+00:00,2025-01-19T17:00:00-08:00,2025-01-20 01:00:00+00:00,0,0,0,0,0,0
2025-01-19T17:00:00-08:00,2025-01-20 01:00:00+00:00,2025-01-19T18:00:00-08:00,2025-01-20 02:00:00+00:00,0,0,0,0,0,0
2025-01-19T18:00:00-08:00,2025-01-20 02:00:00+00:00,2025-01-19T19:00:00-08:00,2025-01-20 03:00:00+00:00,0,0,0,0,0,0
2025-01-19T19:00:00-08:00,2025-01-20 03:00:00+00:00,2025-01-19T20:00:00-08:00,2025-01-20 04:00:00+00:00,0,0,0,0,0,0
2025-01-19T20:00:00-08:00,2025-01-20 04:00:00+00:00,2025-01-19T21:00:00-08:00,2025-01-20 05:00:00+00:00,0,0,0,0,0,0
2025-01-19T21:00:00-08:00,2025-01-20 05:00:00+00:00,2025-01-19T22:00:00-08:00,2025-01-20 06:00:00+00:00,0,0,0,0,0,0
2025-01-19T22:00:00-08:00,2025-01-20 06:00:00+00:00,2025-01-19T23:00:00-08:00,2025-01-20 07:00:00+00:00,0,0,0,0,0,0
2025-01-19T23:00:00-08:00,2025-01-20 07:00:00+00:00,2025-01-20T00:00:00-08:00,2025-01-20 08:00:00+00:00,0,0,0,0,0,0
2025-01-20T00:00:00-08:00,2025-01-20 08:00:00+00:00,2025-01-20T01:00:00-08:00,2025-01-20 09:00:00+00:00,0,0,0,0,0,0
2025-01-20T01:00:00-08:00,2025-01-20 09:00:00+00:00,2025-01-20T02:00:00-08:00,2025-01-20 10:00:00+00:00,0,0,0,0,0,0
2025-01-20T02:00:00-08:00,2025-01-20 10:00:00+00:00,2025-01-20T03:00:00-08:00,2025-01-20 11:00:00+00:00,0,0,0,0,0,0
2025-01-20T03:00:00-08:00,2025-01-20 11:00:00+00:00,2025-01-20T04:00:00-08:00,2025-01-20 12:00:00+00:00,0,0,0,0,0,0
2025-01-20T04:00:00-08:00,2025-01-20 12:00:00+00:00,2025-01-20T05:00:00-08:00,2025-01-20 13:00:00+00:00,0,0,0,0,0,0
2025-01-20T05:00:00-08:00,2025-01-20 13:00:00+00:00,2025-01-20T06:00:00-08:00,2025-01-20 14:00:00+00:00,0,0,0,0,0,0
2025-01-20T06:00:00-08:00,2025-01-20 14:00:00+00:00,2025-01-20T07:00:00-08:00,2025-01-20 15:00:00+00:00,0,0,0,0,0,0
2025-01-20T07:00:00-08:00,2025-01-20 15:00:00+00:00,2025-01-20T08:00:00-08:00,2025-01-20 16:00:00+00:00,31,106,0,0,31,106
2025-01-20T08:00:00-08:00,2025-01-20 16:00:00+00:00,2025-01-20T09:00:00-08:00,2025-01-20 17:00:00+00:00,153,161,32,94,185,255
2025-01-20T09:00:00-08:00,2025-01-20 17:00:00+00:00,2025-01-20T10:00:00-08:00,2025-01-20 18:00:00+00:00,152,159,29,88,181,247
2025-01-20T10:00:00-08:00,2025-01-20 18:00:00+00:00,2025-01-20T11:00:00-08:00,2025-01-20 19:00:00+00:00,104,83,20,104,124,187
2025-01-20T11:00:00-08:00,2025-01-20 19:00:00+00:00,2025-01-20T12:00:00-08:00,2025-01-20 20:00:00+00:00,160,173,0,0,160,173
2025-01-20T12:00:00-08:00,2025-01-20 20:00:00+00:00,2025-01-20T13:00:00-08:00,2025-01-20 21:00:00+00:00,172,176,0,0,172,176
2025-01-20T13:00:00-08:00,2025-01-20 21:00:00+00:00,2025-01-20T14:00:00-08:00,2025-01-20 22:00:00+00:00,170,153,136,377,306,530
2025-01-20T14:00:00-08:00,2025-01-20 22:00:00+00:00,2025-01-20T15:00:00-08:00,2025-01-20 23:00:00+00:00,72,59,451,672,523,731
2025-01-20T15:00:00-08:00,2025-01-20 23:00:00+00:00,2025-01-20T16:00:00-08:00,2025-01-21 00:00:00+00:00,0,3,212,876,212,879
2025-01-20T16:00:00-08:00,2025-01-21 00:00:00+00:00,2025-01-20T17:00:00-08:00,2025-01-21 01:00:00+00:00,0,0,0,0,0,0
2025-01-20T17:00:00-08:00,2025-01-21 01:00:00+00:00,2025-01-20T18:00:00-08:00,2025-01-21 02:00:00+00:00,0,0,0,0,0,0
2025-01-20T18:00:00-08:00,2025-01-21 02:00:00+00:00,2025-01-20T19:00:00-08:00,2025-01-21 03:00:00+00:00,0,0,0,0,0,0
2025-01-20T19:00:00-08:00,2025-01-21 03:00:00+00:00,2025-01-20T20:00:00-08:00,2025-01-21 04:00:00+00:00,0,0,0,0,0,0
2025-01-20T20:00:00-08:00,2025-01-21 04:00:00+00:00,2025-01-20T21:00:00-08:00,2025-01-21 05:00:00+00:00,0,0,0,0,0,0
2025-01-20T21:00:00-08:00,2025-01-21 05:00:00+00:00,2025-01-20T22:00:00-08:00,2025-01-21 06:00:00+00:00,0,0,0,0,0,0
2025-01-20T22:00:00-08:00,2025-01-21 06:00:00+00:00,2025-01-20T23:00:00-08:00,2025-01-21 07:00:00+00:00,0,0,0,0,0,0
2025-01-20T23:00:00-08:00,2025-01-21 07:00:00+00:00,2025-01-21T00:00:00-08:00,2025-01-21 08:00:00+00:00,0,0,0,0,0,0
2025-01-21T00:00:00-08:00,2025-01-21 08:00:00+00:00,2025-01-21T01:00:00-08:00,2025-01-21 09:00:00+00:00,0,0,0,0,0,0
2025-01-21T01:00:00-08:00,2025-01-21 09:00:00+00:00,2025-01-21T02:00:00-08:00,2025-01-21 10:00:00+00:00,0,0,0,0,0,0
2025-01-21T02:00:00-08:00,2025-01-21 10:00:00+00:00,2025-01-21T03:00:00-08:00,2025-01-21 11:00:00+00:00,0,0,0,0,0,0
2025-01-21T03:00:00-08:00,2025-01-21 11:00:00+00:00,2025-01-21T04:00:00-08:00,2025-01-21 12:00:00+00:00,0,0,0,0,0,0
2025-01-21T04:00:00-08:00,2025-01-21 12:00:00+00:00,2025-01-21T05:00:00-08:00,2025-01-21 13:00:00+00:00,0,0,0,0,0,0
2025-01-21T05:00:00-08:00,2025-01-21 13:00:00+00:00,2025-01-21T06:00:00-08:00,2025-01-21 14:00:00+00:00,0,0,0,0,0,0
2025-01-21T06:00:00-08:00,2025-01-21 14:00:00+00:00,2025-01-21T07:00:00-08:00,2025-01-21 15:00:00+00:00,2,13,0,0,2,13
2025-01-21T07:00:00-08:00,2025-01-21 15:00:00+00:00,2025-01-21T08:00:00-08:00,2025-01-21 16:00:00+00:00,0,0,0,0,0,0
2025-01-21T08:00:00-08:00,2025-01-21 16:00:00+00:00,2025-01-21T09:00:00-08:00,2025-01-21 17:00:00+00:00,0,0,115,262,115,262
2025-01-21T09:00:00-08:00,2025-01-21 17:00:00+00:00,2025-01-21T10:00:00-08:00,2025-01-21 18:00:00+00:00,0,0,97,144,97,144
2025-01-21T10:00:00-08:00,2025-01-21 18:00:00+00:00,2025-01-21T11:00:00-08:00,2025-01-21 19:00:00+00:00,0,0,36,40,36,40
2025-01-21T11:00:00-08:00,2025-01-21 19:00:00+00:00,2025-01-21T12:00:00-08:00,2025-01-21 20:00:00+00:00,0,0,155,297,155,297
2025-01-21T12:00:00-08:00,2025-01-21 20:00:00+00:00,2025-01-21T13:00:00-08:00,2025-01-21 21:00:00+00:00,0,0,433,718,433,718
2025-01-21T13:00:00-08:00,2025-01-21 21:00:00+00:00,2025-01-21T14:00:00-08:00,2025-01-21 22:00:00+00:00,0,0,1189,1494,1189,1494
2025-01-21T14:00:00-08:00,2025-01-21 22:00:00+00:00,2025-01-21T15:00:00-08:00,2025-01-21 23:00:00+00:00,0,0,1787,2155,1787,2155
2025-01-21T15:00:00-08:00,2025-01-21 23:00:00+00:00,2025-01-21T16:00:00-08:00,2025-01-22 00:00:00+00:00,1,8,935,2739,936,2747
2025-01-21T16:00:00-08:00,2025-01-22 00:00:00+00:00,2025-01-21T17:00:00-08:00,2025-01-22 01:00:00+00:00,0,0,0,0,0,0
2025-01-21T17:00:00-08:00,2025-01-22 01:00:00+00:00,2025-01-21T18:00:00-08:00,2025-01-22 02:00:00+00:00,0,0,0,0,0,0
2025-01-21T18:00:00-08:00,2025-01-22 02:00:00+00:00,2025-01-21T19:00:00-08:00,2025-01-22 03:00:00+00:00,0,0,0,0,0,0
2025-01-21T19:00:00-08:00,2025-01-22 03:00:00+00:00,2025-01-21T20:00:00-08:00,2025-01-22 04:00:00+00:00,0,0,0,0,0,0
2025-01-21T20:00:00-08:00,2025-01-22 04:00:00+00:00,2025-01-21T21:00:00-08:00,2025-01-22 05:00:00+00:00,0,0,0,0,0,0
2025-01-21T21:00:00-08:00,2025-01-22 05:00:00+00:00,2025-01-21T22:00:00-08:00,2025-01-22 06:00:00+00:00,0,0,0,0,0,0
2025-01-21T22:00:00-08:00,2025-01-22 06:00:00+00:00,2025-01-21T23:00:00-08:00,2025-01-22 07:00:00+00:00,0,0,0,0,0,0
2025-01-21T23:00:00-08:00,2025-01-22 07:00:00+00:00,2025-01-22T00:00:00-08:00,2025-01-22 08:00:00+00:00,0,0,0,0,0,0
2025-01-22T00:00:00-08:00,2025-01-22 08:00:00+00:00,2025-01-22T01:00:00-08:00,2025-01-22 09:00:00+00:00,0,0,0,0,0,0
2025-01-22T01:00:00-08:00,2025-01-22 09:00:00+00:00,2025-01-22T02:00:00-08:00,2025-01-22 10:00:00+00:00,0,0,0,0,0,0
2025-01-22T02:00:00-08:00,2025-01-22 10:00:00+00:00,2025-01-22T03:00:00-08:00,2025-01-22 11:00:00+00:00,0,0,0,0,0,0
2025-01-22T03:00:00-08:00,2025-01-22 11:00:00+00:00,2025-01-22T04:00:00-08:00,2025-01-22 12:00:00+00:00,0,0,0,0,0,0
2025-01-22T04:00:00-08:00,2025-01-22 12:00:00+00:00,2025-01-22T05:00:00-08:00,2025-01-22 13:00:00+00:00,0,0,0,0,0,0
2025-01-22T05:00:00-08:00,2025-01-22 13:00:00+00:00,2025-01-22T06:00:00-08:00,2025-01-22 14:00:00+00:00,0,0,0,0,0,0
2025-01-22T06:00:00-08:00,2025-01-22 14:00:00+00:00,2025-01-22T07:00:00-08:00,2025-01-22 15:00:00+00:00,0,0,0,0,0,0
2025-01-22T07:00:00-08:00,2025-01-22 15:00:00+00:00,2025-01-22T08:00:00-08:00,2025-01-22 16:00:00+00:00,0,0,0,0,0,0
2025-01-22T08:00:00-08:00,2025-01-22 16:00:00+00:00,2025-01-22T09:00:00-08:00,2025-01-22 17:00:00+00:00,12,141,20,162,32,303
2025-01-22T09:00:00-08:00,2025-01-22 17:00:00+00:00,2025-01-22T10:00:00-08:00,2025-01-22 18:00:00+00:00,77,141,92,380,169,521
2025-01-22T10:00:00-08:00,2025-01-22 18:00:00+00:00,2025-01-22T11:00:00-08:00,2025-01-22 19:00:00+00:00,23,119,62,57,85,176
2025-01-22T11:00:00-08:00,2025-01-22 19:00:00+00:00,2025-01-22T12:00:00-08:00,2025-01-22 20:00:00+00:00,4,18,0,0,4,18
2025-01-22T12:00:00-08:00,2025-01-22 20:00:00+00:00,2025-01-22T13:00:00-08:00,2025-01-22 21:00:00+00:00,0,0,5,42,5,42
2025-01-22T13:00:00-08:00,2025-01-22 21:00:00+00:00,2025-01-22T14:00:00-08:00,2025-01-22 22:00:00+00:00,0,1,57,182,57,183
2025-01-22T14:00:00-08:00,2025-01-22 22:00:00+00:00,2025-01-22T15:00:00-08:00,2025-01-22 23:00:00+00:00,0,0,221,443,221,443
2025-01-22T15:00:00-08:00,2025-01-22 23:00:00+00:00,2025-01-22T16:00:00-08:00,2025-01-23 00:00:00+00:00,0,0,104,516,104,516
2025-01-22T16:00:00-08:00,2025-01-23 00:00:00+00:00,2025-01-22T17:00:00-08:00,2025-01-23 01:00:00+00:00,0,0,1,10,1,10
2025-01-22T17:00:00-08:00,2025-01-23 01:00:00+00:00,2025-01-22T18:00:00-08:00,2025-01-23 02:00:00+00:00,0,0,0,0,0,0
2025-01-22T18:00:00-08:00,2025-01-23 02:00:00+00:00,2025-01-22T19:00:00-08:00,2025-01-23 03:00:00+00:00,0,0,0,0,0,0
2025-01-22T19:00:00-08:00,2025-01-23 03:00:00+00:00,2025-01-22T20:00:00-08:00,2025-01-23 04:00:00+00:00,0,0,0,0,0,0
2025-01-22T20:00:00-08:00,2025-01-23 04:00:00+00:00,2025-01-22T21:00:00-08:00,2025-01-23 05:00:00+00:00,0,0,0,0,0,0
2025-01-22T21:00:00-08:00,2025-01-23 05:00:00+00:00,2025-01-22T22:00:00-08:00,2025-01-23 06:00:00+00:00,0,0,0,0,0,0
2025-01-22T22:00:00-08:00,2025-01-23 06:00:00+00:00,2025-01-22T23:00:00-08:00,2025-01-23 07:00:00+00:00,0,0,0,0,0,0
2025-01-22T23:00:00-08:00,2025-01-23 07:00:00+00:00,2025-01-23T00:00:00-08:00,2025-01-23 08:00:00+00:00,0,0,0,0,0,0
2025-01-23T00:00:00-08:00,2025-01-23 08:00:00+00:00,2025-01-23T01:00:00-08:00,2025-01-23 09:00:00+00:00,0,0,0,0,0,0
2025-01-23T01:00:00-08:00,2025-01-23 09:00:00+00:00,2025-01-23T02:00:00-08:00,2025-01-23 10:00:00+00:00,0,0,0,0,0,0
2025-01-23T02:00:00-08:00,2025-01-23 10:00:00+00:00,2025-01-23T03:00:00-08:00,2025-01-23 11:00:00+00:00,0,0,0,0,0,0
2025-01-23T03:00:00-08:00,2025-01-23 11:00:00+00:00,2025-01-23T04:00:00-08:00,2025-01-23 12:00:00+00:00,0,0,0,0,0,0
2025-01-23T04:00:00-08:00,2025-01-23 12:00:00+00:00,2025-01-23T05:00:00-08:00,2025-01-23 13:00:00+00:00,0,0,0,0,0,0
2025-01-23T05:00:00-08:00,2025-01-23 13:00:00+00:00,2025-01-23T06:00:00-08:00,2025-01-23 14:00:00+00:00,0,0,0,0,0,0
2025-01-23T06:00:00-08:00,2025-01-23 14:00:00+00:00,2025-01-23T07:00:00-08:00,2025-01-23 15:00:00+00:00,0,0,0,0,0,0
2025-01-23T07:00:00-08:00,2025-01-23 15:00:00+00:00,2025-01-23T08:00:00-08:00,2025-01-23 16:00:00+00:00,0,0,0,0,0,0
2025-01-23T08:00:00-08:00,2025-01-23 16:00:00+00:00,2025-01-23T09:00:00-08:00,2025-01-23 17:00:00+00:00,159,349,443,700,602,1049
2025-01-23T09:00:00-08:00,2025-01-23 17:00:00+00:00,2025-01-23T10:00:00-08:00,2025-01-23 18:00:00+00:00,175,356,1085,1806,1260,2162
2025-01-23T10:00:00-08:00,2025-01-23 18:00:00+00:00,2025-01-23T11:00:00-08:00,2025-01-23 19:00:00+00:00,0,0,641,940,641,940
2025-01-23T11:00:00-08:00,2025-01-23 19:00:00+00:00,2025-01-23T12:00:00-08:00,2025-01-23 20:00:00+00:00,0,0,248,613,248,613
2025-01-23T12:00:00-08:00,2025-01-23 20:00:00+00:00,2025-01-23T13:00:00-08:00,2025-01-23 21:00:00+00:00,33,0,777,987,810,987
2025-01-23T13:00:00-08:00,2025-01-23 21:00:00+00:00,2025-01-23T14:00:00-08:00,2025-01-23 22:00:00+00:00,219,217,1181,1381,1400,1598
2025-01-23T14:00:00-08:00,2025-01-23 22:00:00+00:00,2025-01-23T15:00:00-08:00,2025-01-23 23:00:00+00:00,206,207,1346,1593,1552,1800
2025-01-23T15:00:00-08:00,2025-01-23 23:00:00+00:00,2025-01-23T16:00:00-08:00,2025-01-24 00:00:00+00:00,179,233,1252,2219,1431,2452
2025-01-23T16:00:00-08:00,2025-01-24 00:00:00+00:00,2025-01-23T17:00:00-08:00,2025-01-24 01:00:00+00:00,29,183,3,1,32,184
2025-01-23T17:00:00-08:00,2025-01-24 01:00:00+00:00,2025-01-23T18:00:00-08:00,2025-01-24 02:00:00+00:00,247,288,0,0,247,288
2025-01-23T18:00:00-08:00,2025-01-24 02:00:00+00:00,2025-01-23T19:00:00-08:00,2025-01-24 03:00:00+00:00,194,243,0,0,194,243
2025-01-23T19:00:00-08:00,2025-01-24 03:00:00+00:00,2025-01-23T20:00:00-08:00,2025-01-24 04:00:00+00:00,223,270,0,0,223,270
2025-01-23T20:00:00-08:00,2025-01-24 04:00:00+00:00,2025-01-23T21:00:00-08:00,2025-01-24 05:00:00+00:00,202,257,0,0,202,257
2025-01-23T21:00:00-08:00,2025-01-24 05:00:00+00:00,2025-01-23T22:00:00-08:00,2025-01-24 06:00:00+00:00,168,200,0,0,168,200
2025-01-23T22:00:00-08:00,2025-01-24 06:00:00+00:00,2025-01-23T23:00:00-08:00,2025-01-24 07:00:00+00:00,175,204,0,0,175,204
2025-01-23T23:00:00-08:00,2025-01-24 07:00:00+00:00,2025-01-24T00:00:00-08:00,2025-01-24 08:00:00+00:00,127,186,0,0,127,186
2025-01-24T00:00:00-08:00,2025-01-24 08:00:00+00:00,2025-01-24T01:00:00-08:00,2025-01-24 09:00:00+00:00,141,147,0,0,141,147
2025-01-24T01:00:00-08:00,2025-01-24 09:00:00+00:00,2025-01-24T02:00:00-08:00,2025-01-24 10:00:00+00:00,132,138,0,0,132,138
2025-01-24T02:00:00-08:00,2025-01-24 10:00:00+00:00,2025-01-24T03:00:00-08:00,2025-01-24 11:00:00+00:00,50,84,0,0,50,84
2025-01-24T03:00:00-08:00,2025-01-24 11:00:00+00:00,2025-01-24T04:00:00-08:00,2025-01-24 12:00:00+00:00,93,131,0,0,93,131
2025-01-24T04:00:00-08:00,2025-01-24 12:00:00+00:00,2025-01-24T05:00:00-08:00,2025-01-24 13:00:00+00:00,48,88,0,0,48,88
2025-01-24T05:00:00-08:00,2025-01-24 13:00:00+00:00,2025-01-24T06:00:00-08:00,2025-01-24 14:00:00+00:00,115,120,0,0,115,120
2025-01-24T06:00:00-08:00,2025-01-24 14:00:00+00:00,2025-01-24T07:00:00-08:00,2025-01-24 15:00:00+00:00,106,127,0,0,106,127
2025-01-24T07:00:00-08:00,2025-01-24 15:00:00+00:00,2025-01-24T08:00:00-08:00,2025-01-24 16:00:00+00:00,130,201,202,419,332,620
2025-01-24T08:00:00-08:00,2025-01-24 16:00:00+00:00,2025-01-24T09:00:00-08:00,2025-01-24 17:00:00+00:00,124,98,1003,1687,1127,1785
2025-01-24T09:00:00-08:00,2025-01-24 17:00:00+00:00,2025-01-24T10:00:00-08:00,2025-01-24 18:00:00+00:00,8,99,176,727,184,826
2025-01-24T10:00:00-08:00,2025-01-24 18:00:00+00:00,2025-01-24T11:00:00-08:00,2025-01-24 19:00:00+00:00,0,0,257,276,257,276
2025-01-24T11:00:00-08:00,2025-01-24 19:00:00+00:00,2025-01-24T12:00:00-08:00,2025-01-24 20:00:00+00:00,0,0,108,287,108,287
2025-01-24T12:00:00-08:00,2025-01-24 20:00:00+00:00,2025-01-24T13:00:00-08:00,2025-01-24 21:00:00+00:00,0,0,423,602,423,602
2025-01-24T13:00:00-08:00,2025-01-24 21:00:00+00:00,2025-01-24T14:00:00-08:00,2025-01-24 22:00:00+00:00,0,0,567,619,567,619
2025-01-24T14:00:00-08:00,2025-01-24 22:00:00+00:00,2025-01-24T15:00:00-08:00,2025-01-24 23:00:00+00:00,0,0,571,728,571,728
2025-01-24T15:00:00-08:00,2025-01-24 23:00:00+00:00,2025-01-24T16:00:00-08:00,2025-01-25 00:00:00+00:00,0,0,399,682,399,682
2025-01-24T16:00:00-08:00,2025-01-25 00:00:00+00:00,2025-01-24T17:00:00-08:00,2025-01-25 01:00:00+00:00,0,0,0,0,0,0
2025-01-24T17:00:00-08:00,2025-01-25 01:00:00+00:00,2025-01-24T18:00:00-08:00,2025-01-25 02:00:00+00:00,0,0,0,0,0,0
2025-01-24T18:00:00-08:00,2025-01-25 02:00:00+00:00,2025-01-24T19:00:00-08:00,2025-01-25 03:00:00+00:00,0,0,0,0,0,0
2025-01-24T19:00:00-08:00,2025-01-25 03:00:00+00:00,2025-01-24T20:00:00-08:00,2025-01-25 04:00:00+00:00,0,0,0,0,0,0
2025-01-24T20:00:00-08:00,2025-01-25 04:00:00+00:00,2025-01-24T21:00:00-08:00,2025-01-25 05:00:00+00:00,0,0,0,0,0,0
2025-01-24T21:00:00-08:00,2025-01-25 05:00:00+00:00,2025-01-24T22:00:00-08:00,2025-01-25 06:00:00+00:00,0,0,0,0,0,0
2025-01-24T22:00:00-08:00,2025-01-25 06:00:00+00:00,2025-01-24T23:00:00-08:00,2025-01-25 07:00:00+00:00,0,0,0,0,0,0
2025-01-24T23:00:00-08:00,2025-01-25 07:00:00+00:00,2025-01-25T00:00:00-08:00,2025-01-25 08:00:00+00:00,0,0,0,0,0,0
2025-01-25T00:00:00-08:00,2025-01-25 08:00:00+00:00,2025-01-25T01:00:00-08:00,2025-01-25 09:00:00+00:00,0,0,0,0,0,0
2025-01-25T01:00:00-08:00,2025-01-25 09:00:00+00:00,2025-01-25T02:00:00-08:00,2025-01-25 10:00:00+00:00,0,0,0,0,0,0
2025-01-25T02:00:00-08:00,2025-01-25 10:00:00+00:00,2025-01-25T03:00:00-08:00,2025-01-25 11:00:00+00:00,0,0,0,0,0,0
2025-01-25T03:00:00-08:00,2025-01-25 11:00:00+00:00,2025-01-25T04:00:00-08:00,2025-01-25 12:00:00+00:00,0,0,0,0,0,0
2025-01-25T04:00:00-08:00,2025-01-25 12:00:00+00:00,2025-01-25T05:00:00-08:00,2025-01-25 13:00:00+00:00,1,12,0,0,1,12
2025-01-25T05:00:00-08:00,2025-01-25 13:00:00+00:00,2025-01-25T06:00:00-08:00,2025-01-25 14:00:00+00:00,0,0,0,0,0,0
2025-01-25T06:00:00-08:00,2025-01-25 14:00:00+00:00,2025-01-25T07:00:00-08:00,2025-01-25 15:00:00+00:00,0,0,0,0,0,0
2025-01-25T07:00:00-08:00,2025-01-25 15:00:00+00:00,2025-01-25T08:00:00-08:00,2025-01-25 16:00:00+00:00,0,0,0,0,0,0
2025-01-25T08:00:00-08:00,2025-01-25 16:00:00+00:00,2025-01-25T09:00:00-08:00,2025-01-25 17:00:00+00:00,0,0,0,0,0,0
2025-01-25T09:00:00-08:00,2025-01-25 17:00:00+00:00,2025-01-25T10:00:00-08:00,2025-01-25 18:00:00+00:00,0,0,0,0,0,0
2025-01-25T10:00:00-08:00,2025-01-25 18:00:00+00:00,2025-01-25T11:00:00-08:00,2025-01-25 19:00:00+00:00,0,0,0,0,0,0
2025-01-25T11:00:00-08:00,2025-01-25 19:00:00+00:00,2025-01-25T12:00:00-08:00,2025-01-25 20:00:00+00:00,0,0,0,0,0,0
2025-01-25T12:00:00-08:00,2025-01-25 20:00:00+00:00,2025-01-25T13:00:00-08:00,2025-01-25 21:00:00+00:00,0,0,73,324,73,324
2025-01-25T13:00:00-08:00,2025-01-25 21:00:00+00:00,2025-01-25T14:00:00-08:00,2025-01-25 22:00:00+00:00,0,0,386,415,386,415
2025-01-25T14:00:00-08:00,2025-01-25 22:00:00+00:00,2025-01-25T15:00:00-08:00,2025-01-25 23:00:00+00:00,0,0,196,482,196,482
2025-01-25T15:00:00-08:00,2025-01-25 23:00:00+00:00,2025-01-25T16:00:00-08:00,2025-01-26 00:00:00+00:00,0,0,134,344,134,344
2025-01-25T16:00:00-08:00,2025-01-26 00:00:00+00:00,2025-01-25T17:00:00-08:00,2025-01-26 01:00:00+00:00,0,0,1,5,1,5
2025-01-25T17:00:00-08:00,2025-01-26 01:00:00+00:00,2025-01-25T18:00:00-08:00,2025-01-26 02:00:00+00:00,0,0,0,0,0,0
2025-01-25T18:00:00-08:00,2025-01-26 02:00:00+00:00,2025-01-25T19:00:00-08:00,2025-01-26 03:00:00+00:00,0,0,0,0,0,0
2025-01-25T19:00:00-08:00,2025-01-26 03:00:00+00:00,2025-01-25T20:00:00-08:00,2025-01-26 04:00:00+00:00,0,0,0,0,0,0
2025-01-25T20:00:00-08:00,2025-01-26 04:00:00+00:00,2025-01-25T21:00:00-08:00,2025-01-26 05:00:00+00:00,0,0,0,0,0,0
2025-01-25T21:00:00-08:00,2025-01-26 05:00:00+00:00,2025-01-25T22:00:00-08:00,2025-01-26 06:00:00+00:00,0,0,0,0,0,0
2025-01-25T22:00:00-08:00,2025-01-26 06:00:00+00:00,2025-01-25T23:00:00-08:00,2025-01-26 07:00:00+00:00,0,0,0,0,0,0
2025-01-25T23:00:00-08:00,2025-01-26 07:00:00+00:00,2025-01-26T00:00:00-08:00,2025-01-26 08:00:00+00:00,0,0,0,0,0,0
2025-01-26T00:00:00-08:00,2025-01-26 08:00:00+00:00,2025-01-26T01:00:00-08:00,2025-01-26 09:00:00+00:00,0,0,0,0,0,0
2025-01-26T01:00:00-08:00,2025-01-26 09:00:00+00:00,2025-01-26T02:00:00-08:00,2025-01-26 10:00:00+00:00,0,0,0,0,0,0
2025-01-26T02:00:00-08:00,2025-01-26 10:00:00+00:00,2025-01-26T03:00:00-08:00,2025-01-26 11:00:00+00:00,0,0,0,0,0,0
2025-01-26T03:00:00-08:00,2025-01-26 11:00:00+00:00,2025-01-26T04:00:00-08:00,2025-01-26 12:00:00+00:00,0,0,0,0,0,0
2025-01-26T04:00:00-08:00,2025-01-26 12:00:00+00:00,2025-01-26T05:00:00-08:00,2025-01-26 13:00:00+00:00,0,0,0,0,0,0
2025-01-26T05:00:00-08:00,2025-01-26 13:00:00+00:00,2025-01-26T06:00:00-08:00,2025-01-26 14:00:00+00:00,0,0,0,0,0,0
2025-01-26T06:00:00-08:00,2025-01-26 14:00:00+00:00,2025-01-26T07:00:00-08:00,2025-01-26 15:00:00+00:00,0,0,0,0,0,0
2025-01-26T07:00:00-08:00,2025-01-26 15:00:00+00:00,2025-01-26T08:00:00-08:00,2025-01-26 16:00:00+00:00,0,2,0,0,0,2
2025-01-26T08:00:00-08:00,2025-01-26 16:00:00+00:00,2025-01-26T09:00:00-08:00,2025-01-26 17:00:00+00:00,38,0,28,182,66,182
2025-01-26T09:00:00-08:00,2025-01-26 17:00:00+00:00,2025-01-26T10:00:00-08:00,2025-01-26 18:00:00+00:00,56,107,0,0,56,107
2025-01-26T10:00:00-08:00,2025-01-26 18:00:00+00:00,2025-01-26T11:00:00-08:00,2025-01-26 19:00:00+00:00,84,105,161,1010,245,1115
2025-01-26T11:00:00-08:00,2025-01-26 19:00:00+00:00,2025-01-26T12:00:00-08:00,2025-01-26 20:00:00+00:00,21,0,145,307,166,307
2025-01-26T12:00:00-08:00,2025-01-26 20:00:00+00:00,2025-01-26T13:00:00-08:00,2025-01-26 21:00:00+00:00,0,0,46,227,46,227
2025-01-26T13:00:00-08:00,2025-01-26 21:00:00+00:00,2025-01-26T14:00:00-08:00,2025-01-26 22:00:00+00:00,0,0,31,182,31,182
2025-01-26T14:00:00-08:00,2025-01-26 22:00:00+00:00,2025-01-26T15:00:00-08:00,2025-01-26 23:00:00+00:00,0,0,7,36,7,36
2025-01-26T15:00:00-08:00,2025-01-26 23:00:00+00:00,2025-01-26T16:00:00-08:00,2025-01-27 00:00:00+00:00,0,0,137,383,137,383
2025-01-26T16:00:00-08:00,2025-01-27 00:00:00+00:00,2025-01-26T17:00:00-08:00,2025-01-27 01:00:00+00:00,0,0,0,0,0,0
2025-01-26T17:00:00-08:00,2025-01-27 01:00:00+00:00,2025-01-26T18:00:00-08:00,2025-01-27 02:00:00+00:00,0,0,0,0,0,0
2025-01-26T18:00:00-08:00,2025-01-27 02:00:00+00:00,2025-01-26T19:00:00-08:00,2025-01-27 03:00:00+00:00,0,0,0,0,0,0
2025-01-26T19:00:00-08:00,2025-01-27 03:00:00+00:00,2025-01-26T20:00:00-08:00,2025-01-27 04:00:00+00:00,0,0,0,0,0,0
2025-01-26T20:00:00-08:00,2025-01-27 04:00:00+00:00,2025-01-26T21:00:00-08:00,2025-01-27 05:00:00+00:00,0,0,0,0,0,0
2025-01-26T21:00:00-08:00,2025-01-27 05:00:00+00:00,2025-01-26T22:00:00-08:00,2025-01-27 06:00:00+00:00,0,0,0,0,0,0
2025-01-26T22:00:00-08:00,2025-01-27 06:00:00+00:00,2025-01-26T23:00:00-08:00,2025-01-27 07:00:00+00:00,0,0,0,0,0,0
2025-01-26T23:00:00-08:00,2025-01-27 07:00:00+00:00,2025-01-27T00:00:00-08:00,2025-01-27 08:00:00+00:00,0,0,0,0,0,0
2025-01-27T00:00:00-08:00,2025-01-27 08:00:00+00:00,2025-01-27T01:00:00-08:00,2025-01-27 09:00:00+00:00,0,0,0,0,0,0
2025-01-27T01:00:00-08:00,2025-01-27 09:00:00+00:00,2025-01-27T02:00:00-08:00,2025-01-27 10:00:00+00:00,0,0,0,0,0,0
2025-01-27T02:00:00-08:00,2025-01-27 10:00:00+00:00,2025-01-27T03:00:00-08:00,2025-01-27 11:00:00+00:00,0,0,0,0,0,0
2025-01-27T03:00:00-08:00,2025-01-27 11:00:00+00:00,2025-01-27T04:00:00-08:00,2025-01-27 12:00:00+00:00,0,0,0,0,0,0
2025-01-27T04:00:00-08:00,2025-01-27 12:00:00+00:00,2025-01-27T05:00:00-08:00,2025-01-27 13:00:00+00:00,0,0,0,0,0,0
2025-01-27T05:00:00-08:00,2025-01-27 13:00:00+00:00,2025-01-27T06:00:00-08:00,2025-01-27 14:00:00+00:00,0,0,0,0,0,0
2025-01-27T06:00:00-08:00,2025-01-27 14:00:00+00:00,2025-01-27T07:00:00-08:00,2025-01-27 15:00:00+00:00,0,0,0,0,0,0
2025-01-27T07:00:00-08:00,2025-01-27 15:00:00+00:00,2025-01-27T08:00:00-08:00,2025-01-27 16:00:00+00:00,0,0,0,0,0,0
2025-01-27T08:00:00-08:00,2025-01-27 16:00:00+00:00,2025-01-27T09:00:00-08:00,2025-01-27 17:00:00+00:00,0,0,0,3,0,3
2025-01-27T09:00:00-08:00,2025-01-27 17:00:00+00:00,2025-01-27T10:00:00-08:00,2025-01-27 18:00:00+00:00,0,0,224,498,224,498
2025-01-27T10:00:00-08:00,2025-01-27 18:00:00+00:00,2025-01-27T11:00:00-08:00,2025-01-27 19:00:00+00:00,0,0,383,491,383,491
2025-01-27T11:00:00-08:00,2025-01-27 19:00:00+00:00,2025-01-27T12:00:00-08:00,2025-01-27 20:00:00+00:00,0,0,157,312,157,312
2025-01-27T12:00:00-08:00,2025-01-27 20:00:00+00:00,2025-01-27T13:00:00-08:00,2025-01-27 21:00:00+00:00,0,0,87,356,87,356
2025-01-27T13:00:00-08:00,2025-01-27 21:00:00+00:00,2025-01-27T14:00:00-08:00,2025-01-27 22:00:00+00:00,0,0,78,158,78,158
2025-01-27T14:00:00-08:00,2025-01-27 22:00:00+00:00,2025-01-27T15:00:00-08:00,2025-01-27 23:00:00+00:00,0,0,251,419,251,419
2025-01-27T15:00:00-08:00,2025-01-27 23:00:00+00:00,2025-01-27T16:00:00-08:00,2025-01-28 00:00:00+00:00,0,0,55,156,55,156
2025-01-27T16:00:00-08:00,2025-01-28 00:00:00+00:00,2025-01-27T17:00:00-08:00,2025-01-28 01:00:00+00:00,0,0,1,9,1,9
2025-01-27T17:00:00-08:00,2025-01-28 01:00:00+00:00,2025-01-27T18:00:00-08:00,2025-01-28 02:00:00+00:00,0,0,0,0,0,0
2025-01-27T18:00:00-08:00,2025-01-28 02:00:00+00:00,2025-01-27T19:00:00-08:00,2025-01-28 03:00:00+00:00,0,0,0,0,0,0
2025-01-27T19:00:00-08:00,2025-01-28 03:00:00+00:00,2025-01-27T20:00:00-08:00,2025-01-28 04:00:00+00:00,0,0,0,0,0,0
2025-01-27T20:00:00-08:00,2025-01-28 04:00:00+00:00,2025-01-27T21:00:00-08:00,2025-01-28 05:00:00+00:00,0,0,0,0,0,0
2025-01-27T21:00:00-08:00,2025-01-28 05:00:00+00:00,2025-01-27T22:00:00-08:00,2025-01-28 06:00:00+00:00,0,0,0,0,0,0
2025-01-27T22:00:00-08:00,2025-01-28 06:00:00+00:00,2025-01-27T23:00:00-08:00,2025-01-28 07:00:00+00:00,0,0,0,0,0,0
2025-01-27T23:00:00-08:00,2025-01-28 07:00:00+00:00,2025-01-28T00:00:00-08:00,2025-01-28 08:00:00+00:00,0,0,0,0,0,0
2025-01-28T00:00:00-08:00,2025-01-28 08:00:00+00:00,2025-01-28T01:00:00-08:00,2025-01-28 09:00:00+00:00,0,0,0,0,0,0
2025-01-28T01:00:00-08:00,2025-01-28 09:00:00+00:00,2025-01-28T02:00:00-08:00,2025-01-28 10:00:00+00:00,0,0,0,0,0,0
2025-01-28T02:00:00-08:00,2025-01-28 10:00:00+00:00,2025-01-28T03:00:00-08:00,2025-01-28 11:00:00+00:00,0,0,0,0,0,0
2025-01-28T03:00:00-08:00,2025-01-28 11:00:00+00:00,2025-01-28T04:00:00-08:00,2025-01-28 12:00:00+00:00,0,0,0,0,0,0
2025-01-28T04:00:00-08:00,2025-01-28 12:00:00+00:00,2025-01-28T05:00:00-08:00,2025-01-28 13:00:00+00:00,0,0,0,0,0,0
2025-01-28T05:00:00-08:00,2025-01-28 13:00:00+00:00,2025-01-28T06:00:00-08:00,2025-01-28 14:00:00+00:00,0,0,0,0,0,0
2025-01-28T06:00:00-08:00,2025-01-28 14:00:00+00:00,2025-01-28T07:00:00-08:00,2025-01-28 15:00:00+00:00,0,0,0,0,0,0
2025-01-28T07:00:00-08:00,2025-01-28 15:00:00+00:00,2025-01-28T08:00:00-08:00,2025-01-28 16:00:00+00:00,0,0,9,51,9,51
2025-01-28T08:00:00-08:00,2025-01-28 16:00:00+00:00,2025-01-28T09:00:00-08:00,2025-01-28 17:00:00+00:00,0,0,257,412,257,412
2025-01-28T09:00:00-08:00,2025-01-28 17:00:00+00:00,2025-01-28T10:00:00-08:00,2025-01-28 18:00:00+00:00,0,0,386,485,386,485
2025-01-28T10:00:00-08:00,2025-01-28 18:00:00+00:00,2025-01-28T11:00:00-08:00,2025-01-28 19:00:00+00:00,0,0,628,735,628,735
2025-01-28T11:00:00-08:00,2025-01-28 19:00:00+00:00,2025-01-28T12:00:00-08:00,2025-01-28 20:00:00+00:00,0,0,629,699,629,699
2025-01-28T12:00:00-08:00,2025-01-28 20:00:00+00:00,2025-01-28T13:00:00-08:00,2025-01-28 21:00:00+00:00,0,0,834,1076,834,1076
2025-01-28T13:00:00-08:00,2025-01-28 21:00:00+00:00,2025-01-28T14:00:00-08:00,2025-01-28 22:00:00+00:00,0,0,836,946,836,946
2025-01-28T14:00:00-08:00,2025-01-28 22:00:00+00:00,2025-01-28T15:00:00-08:00,2025-01-28 23:00:00+00:00,0,0,676,894,676,894
2025-01-28T15:00:00-08:00,2025-01-28 23:00:00+00:00,2025-01-28T16:00:00-08:00,2025-01-29 00:00:00+00:00,0,0,589,1176,589,1176
2025-01-28T16:00:00-08:00,2025-01-29 00:00:00+00:00,2025-01-28T17:00:00-08:00,2025-01-29 01:00:00+00:00,0,0,4,12,4,12
2025-01-28T17:00:00-08:00,2025-01-29 01:00:00+00:00,2025-01-28T18:00:00-08:00,2025-01-29 02:00:00+00:00,0,0,0,0,0,0
2025-01-28T18:00:00-08:00,2025-01-29 02:00:00+00:00,2025-01-28T19:00:00-08:00,2025-01-29 03:00:00+00:00,0,0,0,0,0,0
2025-01-28T19:00:00-08:00,2025-01-29 03:00:00+00:00,2025-01-28T20:00:00-08:00,2025-01-29 04:00:00+00:00,0,0,0,0,0,0
2025-01-28T20:00:00-08:00,2025-01-29 04:00:00+00:00,2025-01-28T21:00:00-08:00,2025-01-29 05:00:00+00:00,0,0,0,0,0,0
2025-01-28T21:00:00-08:00,2025-01-29 05:00:00+00:00,2025-01-28T22:00:00-08:00,2025-01-29 06:00:00+00:00,0,0,0,0,0,0
2025-01-28T22:00:00-08:00,2025-01-29 06:00:00+00:00,2025-01-28T23:00:00-08:00,2025-01-29 07:00:00+00:00,0,0,0,0,0,0
2025-01-28T23:00:00-08:00,2025-01-29 07:00:00+00:00,2025-01-29T00:00:00-08:00,2025-01-29 08:00:00+00:00,0,0,0,0,0,0
2025-01-29T00:00:00-08:00,2025-01-29 08:00:00+00:00,2025-01-29T01:00:00-08:00,2025-01-29 09:00:00+00:00,0,0,0,0,0,0
2025-01-29T01:00:00-08:00,2025-01-29 09:00:00+00:00,2025-01-29T02:00:00-08:00,2025-01-29 10:00:00+00:00,0,0,0,0,0,0
2025-01-29T02:00:00-08:00,2025-01-29 10:00:00+00:00,2025-01-29T03:00:00-08:00,2025-01-29 11:00:00+00:00,0,0,0,0,0,0
2025-01-29T03:00:00-08:00,2025-01-29 11:00:00+00:00,2025-01-29T04:00:00-08:00,2025-01-29 12:00:00+00:00,0,0,0,0,0,0
2025-01-29T04:00:00-08:00,2025-01-29 12:00:00+00:00,2025-01-29T05:00:00-08:00,2025-01-29 13:00:00+00:00,0,0,0,0,0,0
2025-01-29T05:00:00-08:00,2025-01-29 13:00:00+00:00,2025-01-29T06:00:00-08:00,2025-01-29 14:00:00+00:00,0,0,0,0,0,0
2025-01-29T06:00:00-08:00,2025-01-29 14:00:00+00:00,2025-01-29T07:00:00-08:00,2025-01-29 15:00:00+00:00,0,0,0,0,0,0
2025-01-29T07:00:00-08:00,2025-01-29 15:00:00+00:00,2025-01-29T08:00:00-08:00,2025-01-29 16:00:00+00:00,0,0,0,0,0,0
2025-01-29T08:00:00-08:00,2025-01-29 16:00:00+00:00,2025-01-29T09:00:00-08:00,2025-01-29 17:00:00+00:00,0,0,336,536,336,536
2025-01-29T09:00:00-08:00,2025-01-29 17:00:00+00:00,2025-01-29T10:00:00-08:00,2025-01-29 18:00:00+00:00,0,0,550,694,550,694
2025-01-29T10:00:00-08:00,2025-01-29 18:00:00+00:00,2025-01-29T11:00:00-08:00,2025-01-29 19:00:00+00:00,0,0,755,948,755,948
2025-01-29T11:00:00-08:00,2025-01-29 19:00:00+00:00,2025-01-29T12:00:00-08:00,2025-01-29 20:00:00+00:00,0,0,1058,1409,1058,1409
2025-01-29T12:00:00-08:00,2025-01-29 20:00:00+00:00,2025-01-29T13:00:00-08:00,2025-01-29 21:00:00+00:00,9,36,1528,1984,1537,2020
2025-01-29T13:00:00-08:00,2025-01-29 21:00:00+00:00,2025-01-29T14:00:00-08:00,2025-01-29 22:00:00+00:00,65,75,2467,2740,2532,2815
2025-01-29T14:00:00-08:00,2025-01-29 22:00:00+00:00,2025-01-29T15:00:00-08:00,2025-01-29 23:00:00+00:00,102,221,2727,3201,2829,3422
2025-01-29T15:00:00-08:00,2025-01-29 23:00:00+00:00,2025-01-29T16:00:00-08:00,2025-01-30 00:00:00+00:00,134,249,2208,3893,2342,4142
2025-01-29T16:00:00-08:00,2025-01-30 00:00:00+00:00,2025-01-29T17:00:00-08:00,2025-01-30 01:00:00+00:00,0,0,1,9,1,9
2025-01-29T17:00:00-08:00,2025-01-30 01:00:00+00:00,2025-01-29T18:00:00-08:00,2025-01-30 02:00:00+00:00,0,0,0,0,0,0
2025-01-29T18:00:00-08:00,2025-01-30 02:00:00+00:00,2025-01-29T19:00:00-08:00,2025-01-30 03:00:00+00:00,0,0,0,0,0,0
2025-01-29T19:00:00-08:00,2025-01-30 03:00:00+00:00,2025-01-29T20:00:00-08:00,2025-01-30 04:00:00+00:00,0,0,0,0,0,0
2025-01-29T20:00:00-08:00,2025-01-30 04:00:00+00:00,2025-01-29T21:00:00-08:00,2025-01-30 05:00:00+00:00,0,0,0,0,0,0
2025-01-29T21:00:00-08:00,2025-01-30 05:00:00+00:00,2025-01-29T22:00:00-08:00,2025-01-30 06:00:00+00:00,0,0,0,0,0,0
2025-01-29T22:00:00-08:00,2025-01-30 06:00:00+00:00,2025-01-29T23:00:00-08:00,2025-01-30 07:00:00+00:00,0,0,0,0,0,0
2025-01-29T23:00:00-08:00,2025-01-30 07:00:00+00:00,2025-01-30T00:00:00-08:00,2025-01-30 08:00:00+00:00,0,0,0,0,0,0
2025-01-30T00:00:00-08:00,2025-01-30 08:00:00+00:00,2025-01-30T01:00:00-08:00,2025-01-30 09:00:00+00:00,0,0,0,0,0,0
2025-01-30T01:00:00-08:00,2025-01-30 09:00:00+00:00,2025-01-30T02:00:00-08:00,2025-01-30 10:00:00+00:00,0,0,0,0,0,0
2025-01-30T02:00:00-08:00,2025-01-30 10:00:00+00:00,2025-01-30T03:00:00-08:00,2025-01-30 11:00:00+00:00,0,0,0,0,0,0
2025-01-30T03:00:00-08:00,2025-01-30 11:00:00+00:00,2025-01-30T04:00:00-08:00,2025-01-30 12:00:00+00:00,0,0,0,0,0,0
2025-01-30T04:00:00-08:00,2025-01-30 12:00:00+00:00,2025-01-30T05:00:00-08:00,2025-01-30 13:00:00+00:00,0,0,0,0,0,0
2025-01-30T05:00:00-08:00,2025-01-30 13:00:00+00:00,2025-01-30T06:00:00-08:00,2025-01-30 14:00:00+00:00,0,0,0,0,0,0
2025-01-30T06:00:00-08:00,2025-01-30 14:00:00+00:00,2025-01-30T07:00:00-08:00,2025-01-30 15:00:00+00:00,0,0,0,0,0,0
2025-01-30T07:00:00-08:00,2025-01-30 15:00:00+00:00,2025-01-30T08:00:00-08:00,2025-01-30 16:00:00+00:00,0,0,13,58,13,58
2025-01-30T08:00:00-08:00,2025-01-30 16:00:00+00:00,2025-01-30T09:00:00-08:00,2025-01-30 17:00:00+00:00,0,0,285,824,285,824
2025-01-30T09:00:00-08:00,2025-01-30 17:00:00+00:00,2025-01-30T10:00:00-08:00,2025-01-30 18:00:00+00:00,0,0,746,1401,746,1401
2025-01-30T10:00:00-08:00,2025-01-30 18:00:00+00:00,2025-01-30T11:00:00-08:00,2025-01-30 19:00:00+00:00,0,0,1087,1350,1087,1350
2025-01-30T11:00:00-08:00,2025-01-30 19:00:00+00:00,2025-01-30T12:00:00-08:00,2025-01-30 20:00:00+00:00,0,0,827,904,827,904
2025-01-30T12:00:00-08:00,2025-01-30 20:00:00+00:00,2025-01-30T13:00:00-08:00,2025-01-30 21:00:00+00:00,0,0,1132,1824,1132,1824
2025-01-30T13:00:00-08:00,2025-01-30 21:00:00+00:00,2025-01-30T14:00:00-08:00,2025-01-30 22:00:00+00:00,0,0,2733,3499,2733,3499
2025-01-30T14:00:00-08:00,2025-01-30 22:00:00+00:00,2025-01-30T15:00:00-08:00,2025-01-30 23:00:00+00:00,9,0,3667,3793,3676,3793
2025-01-30T15:00:00-08:00,2025-01-30 23:00:00+00:00,2025-01-30T16:00:00-08:00,2025-01-31 00:00:00+00:00,48,92,3092,4826,3140,4918
2025-01-30T16:00:00-08:00,2025-01-31 00:00:00+00:00,2025-01-30T17:00:00-08:00,2025-01-31 01:00:00+00:00,0,0,22,138,22,138
2025-01-30T17:00:00-08:00,2025-01-31 01:00:00+00:00,2025-01-30T18:00:00-08:00,2025-01-31 02:00:00+00:00,0,0,0,0,0,0
2025-01-30T18:00:00-08:00,2025-01-31 02:00:00+00:00,2025-01-30T19:00:00-08:00,2025-01-31 03:00:00+00:00,0,0,0,0,0,0
2025-01-30T19:00:00-08:00,2025-01-31 03:00:00+00:00,2025-01-30T20:00:00-08:00,2025-01-31 04:00:00+00:00,0,0,0,0,0,0
2025-01-30T20:00:00-08:00,2025-01-31 04:00:00+00:00,2025-01-30T21:00:00-08:00,2025-01-31 05:00:00+00:00,0,0,0,0,0,0
2025-01-30T21:00:00-08:00,2025-01-31 05:00:00+00:00,2025-01-30T22:00:00-08:00,2025-01-31 06:00:00+00:00,0,0,0,0,0,0
2025-01-30T22:00:00-08:00,2025-01-31 06:00:00+00:00,2025-01-30T23:00:00-08:00,2025-01-31 07:00:00+00:00,0,0,0,0,0,0
2025-01-30T23:00:00-08:00,2025-01-31 07:00:00+00:00,2025-01-31T00:00:00-08:00,2025-01-31 08:00:00+00:00,0,0,0,0,0,0
2025-01-31T00:00:00-08:00,2025-01-31 08:00:00+00:00,2025-01-31T01:00:00-08:00,2025-01-31 09:00:00+00:00,0,0,0,0,0,0
2025-01-31T01:00:00-08:00,2025-01-31 09:00:00+00:00,2025-01-31T02:00:00-08:00,2025-01-31 10:00:00+00:00,0,0,0,0,0,0
2025-01-31T02:00:00-08:00,2025-01-31 10:00:00+00:00,2025-01-31T03:00:00-08:00,2025-01-31 11:00:00+00:00,0,0,0,0,0,0
2025-01-31T03:00:00-08:00,2025-01-31 11:00:00+00:00,2025-01-31T04:00:00-08:00,2025-01-31 12:00:00+00:00,0,0,0,0,0,0
2025-01-31T04:00:00-08:00,2025-01-31 12:00:00+00:00,2025-01-31T05:00:00-08:00,2025-01-31 13:00:00+00:00,0,0,0,0,0,0
2025-01-31T05:00:00-08:00,2025-01-31 13:00:00+00:00,2025-01-31T06:00:00-08:00,2025-01-31 14:00:00+00:00,0,0,0,0,0,0
2025-01-31T06:00:00-08:00,2025-01-31 14:00:00+00:00,2025-01-31T07:00:00-08:00,2025-01-31 15:00:00+00:00,0,0,0,0,0,0
2025-01-31T07:00:00-08:00,2025-01-31 15:00:00+00:00,2025-01-31T08:00:00-08:00,2025-01-31 16:00:00+00:00,0,0,17,95,17,95
2025-01-31T08:00:00-08:00,2025-01-31 16:00:00+00:00,2025-01-31T09:00:00-08:00,2025-01-31 17:00:00+00:00,0,0,338,546,338,546
2025-01-31T09:00:00-08:00,2025-01-31 17:00:00+00:00,2025-01-31T10:00:00-08:00,2025-01-31 18:00:00+00:00,0,0,332,420,332,420
2025-01-31T10:00:00-08:00,2025-01-31 18:00:00+00:00,2025-01-31T11:00:00-08:00,2025-01-31 19:00:00+00:00,0,0,521,666,521,666
2025-01-31T11:00:00-08:00,2025-01-31 19:00:00+00:00,2025-01-31T12:00:00-08:00,2025-01-31 20:00:00+00:00,0,0,319,355,319,355
2025-01-31T12:00:00-08:00,2025-01-31 20:00:00+00:00,2025-01-31T13:00:00-08:00,2025-01-31 21:00:00+00:00,0,0,487,657,487,657
2025-01-31T13:00:00-08:00,2025-01-31 21:00:00+00:00,2025-01-31T14:00:00-08:00,2025-01-31 22:00:00+00:00,0,0,408,607,408,607
2025-01-31T14:00:00-08:00,2025-01-31 22:00:00+00:00,2025-01-31T15:00:00-08:00,2025-01-31 23:00:00+00:00,0,0,571,817,571,817
2025-01-31T15:00:00-08:00,2025-01-31 23:00:00+00:00,2025-01-31T16:00:00-08:00,2025-02-01 00:00:00+00:00,0,0,348,983,348,983
2025-01-31T16:00:00-08:00,2025-02-01 00:00:00+00:00,2025-01-31T17:00:00-08:00,2025-02-01 01:00:00+00:00,1,18,5,57,6,75
2025-01-31T17:00:00-08:00,2025-02-01 01:00:00+00:00,2025-01-31T18:00:00-08:00,2025-02-01 02:00:00+00:00,0,0,0,0,0,0
2025-01-31T18:00:00-08:00,2025-02-01 02:00:00+00:00,2025-01-31T19:00:00-08:00,2025-02-01 03:00:00+00:00,0,0,0,0,0,0
2025-01-31T19:00:00-08:00,2025-02-01 03:00:00+00:00,2025-01-31T20:00:00-08:00,2025-02-01 04:00:00+00:00,0,0,0,0,0,0
2025-01-31T20:00:00-08:00,2025-02-01 04:00:00+00:00,2025-01-31T21:00:00-08:00,2025-02-01 05:00:00+00:00,0,0,0,0,0,0
2025-01-31T21:00:00-08:00,2025-02-01 05:00:00+00:00,2025-01-31T22:00:00-08:00,2025-02-01 06:00:00+00:00,0,0,0,0,0,0
2025-01-31T22:00:00-08:00,2025-02-01 06:00:00+00:00,2025-01-31T23:00:00-08:00,2025-02-01 07:00:00+00:00,0,0,0,0,0,0
2025-01-31T23:00:00-08:00,2025-02-01 07:00:00+00:00,2025-02-01T00:00:00-08:00,2025-02-01 08:00:00+00:00,0,0,0,0,0,0
